,コード,株数,純資産比率
0,7203,299665000.0,0.0418382221419837
1,6758,38333300.0,0.0268615822459617
2,6861,5544600.0,0.0183011229204666
3,8306,370123700.0,0.0174362677121807
4,9432,64306300.0,0.0154503468777191
5,8035,3882700.0,0.0134534235089924
6,6098,44038600.0,0.013251432403877
7,7974,3454200.0,0.012924368291998
8,9433,43775300.0,0.0118517029710211
9,9984,36006300.0,0.0118486595217527
10,8058,43281900.0,0.0118478709109785
11,4502,48095900.0,0.0113213109566518
12,4063,10027800.0,0.0112636366287198
13,6501,29431600.0,0.0111611298563455
14,7267,47036900.0,0.0100438523111253
15,8316,40909800.0,0.0100028014511393
16,8001,40148800.0,0.0098593572670622
17,7741,11940200.0,0.0096868656883898
18,4568,46859100.0,0.0095464175382569
19,6367,7425200.0,0.0092955853390499
20,8031,45766800.0,0.0090037541356839
21,9434,90947200.0,0.008605269804751
22,6981,17548700.0,0.0085421634431171
23,4661,6680100.0,0.0082501526023733
24,8766,18517800.0,0.0081175908410263
25,6594,15105200.0,0.0080555652390127
26,3382,22455500.0,0.0080191697432216
27,8411,75584300.0,0.0074514142378492
28,6273,1791900.0,0.0070560457188895
29,6954,5370300.0,0.0067633100832018
30,4503,52316800.0,0.0064629379322409
31,6902,12975600.0,0.0064482123763163
32,6702,5505700.0,0.0064249266118826
33,7751,30406900.0,0.0056876321216755
34,8591,35857500.0,0.0053164685293239
35,5108,17176500.0,0.0051137836628192
36,6503,59835100.0,0.0051121624297074
37,8002,57250600.0,0.0050862165106948
38,6301,27732000.0,0.0050591234181316
39,9022,4827100.0,0.0049471764745317
40,4901,10754700.0,0.0048179429916522
41,8053,37249800.0,0.0047958965895997
42,6752,65266700.0,0.0047304158924869
43,4519,19139500.0,0.0046654298648631
44,2914,32930200.0,0.0045729244657969
45,8750,28081800.0,0.0045678499518841
46,7733,31270000.0,0.0045093540997482
47,8801,26128400.0,0.0044801936878045
48,8802,37892800.0,0.004457433245443
49,9020,10291900.0,0.0043830737072184
50,4911,11398900.0,0.0043682835422935
51,4452,13236600.0,0.0043243784134379
52,4543,17315400.0,0.0042110558508539
53,2502,13806700.0,0.0041933072369982
54,6178,73176700.0,0.0041657386453015
55,6326,29643300.0,0.0041072251248368
56,6971,8608900.0,0.0036899814910589
57,6502,10694200.0,0.0036106622799361
58,7309,2388700.0,0.003476002309299
59,5401,26482200.0,0.003422803895547
60,4507,7498900.0,0.0034052910155447
61,8267,22087800.0,0.0034052430756041
62,4578,12365600.0,0.0033694803857801
63,8113,11794700.0,0.0033347241848918
64,1925,16877300.0,0.0033129118241804
65,9735,5761900.0,0.0033013150988332
66,7269,13374300.0,0.003264285541743
67,8725,13159100.0,0.0031895716002002
68,8630,9468500.0,0.0031252783315737
69,9983,806100.0,0.0030287210394829
70,7832,5342900.0,0.0029561350667165
71,1605,30738400.0,0.002941050954261
72,6723,33238600.0,0.0029228592581896
73,6920,2627400.0,0.0029068985680417
74,8604,92147800.0,0.0028775143697572
75,9101,4846100.0,0.002863162740373
76,1928,19946100.0,0.0028140820027872
77,4528,13384100.0,0.0027860378495026
78,4689,86588100.0,0.0027828546124636
79,8309,10932900.0,0.0027523946159305
80,2802,12923900.0,0.0027322144740469
81,2413,10318400.0,0.0027078894696289
82,2503,22573700.0,0.0026793728275093
83,6869,4912800.0,0.0026417685251161
84,5020,92054400.0,0.0026227829895944
85,5713,7367000.0,0.0026092328815427
86,7011,9401200.0,0.0026039907776916
87,3407,38844100.0,0.0025994398027799
88,4307,11216900.0,0.0025990179768941
89,8830,12060300.0,0.0025865502947439
90,6857,4549100.0,0.0025541576590861
91,4523,7137500.0,0.0025248285455171
92,3659,13594800.0,0.0025233886985042
93,6645,5093800.0,0.002457871187689
94,9613,15987000.0,0.0023992929145791
95,6701,7603400.0,0.0023980693718789
96,8308,66907100.0,0.0023605125122899
97,7201,72167400.0,0.0023302049898746
98,6201,4746800.0,0.0023094093356267
99,4684,1892200.0,0.0022784347379311
100,6762,8863200.0,0.0022501611649255
101,9202,14415700.0,0.002208942056108
102,9021,7108200.0,0.0021504348966164
103,7270,17050400.0,0.0020860827585423
104,7701,7688000.0,0.0020574378570961
105,6988,3698700.0,0.0020212483856355
106,9843,2391600.0,0.001994032976275
107,4188,39113400.0,0.0019371412197838
108,5802,22124400.0,0.0019323976388535
109,2801,4174800.0,0.0019085752231331
110,2267,4333000.0,0.0018185300748393
111,9104,9397000.0,0.0018017317347806
112,8697,14729700.0,0.001795250196726
113,6146,891500.0,0.0017872648147106
114,6506,6418400.0,0.0017838129641137
115,9531,11451200.0,0.0017815058513486
116,7202,18710600.0,0.0017727023520128
117,6586,7271100.0,0.0017578661957222
118,8601,44127300.0,0.00175277833532
119,9201,13012200.0,0.0017480492562842
120,4324,5845300.0,0.0017176273981098
121,8015,5830500.0,0.0017096370540983
122,5201,5473800.0,0.0016717075738888
123,4755,29087900.0,0.001667698643195
124,6479,10278500.0,0.0016176807097481
125,6383,3207300.0,0.0016124935657039
126,9503,22592400.0,0.0016085321502613
127,3402,41329000.0,0.0015974891074956
128,9532,10819800.0,0.001584618076572
129,6965,4285900.0,0.0015685637548987
130,8795,14920700.0,0.0015562099769482
131,5411,15565100.0,0.0015505119877446
132,9962,7565700.0,0.0015498350765325
133,1878,1964000.0,0.0015357069087267
134,6963,2674600.0,0.0015300895168308
135,9042,7086000.0,0.0015201639006201
136,2269,3758500.0,0.0015187327597403
137,7532,12051200.0,0.0015135782917994
138,9143,10545800.0,0.0015102404952926
139,9502,18242700.0,0.001494808218706
140,9005,15038700.0,0.001494317908529
141,4005,42986600.0,0.0014792692201671
142,4612,22517700.0,0.001461174559382
143,4704,3120100.0,0.0014147107704726
144,5019,6602800.0,0.0014041315072862
145,5938,9524000.0,0.0013645056114472
146,8473,7451200.0,0.0013555927296049
147,4204,12243500.0,0.0013450361310935
148,7272,7984200.0,0.0013413626613208
149,4021,3079200.0,0.0013288576814472
150,9041,5675300.0,0.0013238596803292
151,2587,4109300.0,0.0013165814717697
152,6504,3593100.0,0.001290326672397
153,9501,45795700.0,0.0012813425301688
154,2897,2244200.0,0.0012684479851914
155,1812,13727500.0,0.0012431455518356
156,9064,8120500.0,0.0012400070658193
157,4185,5584800.0,0.0012399659396457
158,9697,5661100.0,0.0012144792348011
159,7912,7032300.0,0.0011941781563606
160,4751,13771400.0,0.0011920757376488
161,7911,8858800.0,0.0011906378641927
162,4151,6840700.0,0.0011676231640247
163,5332,4147100.0,0.0011357340101612
164,3436,9534600.0,0.0011296199002744
165,1801,5086000.0,0.0011196905243134
166,6532,413400.0,0.0011140733822347
167,7951,3558400.0,0.0011111873678312
168,9766,2181000.0,0.0010951515950927
169,7261,18806500.0,0.0010911544245485
170,3064,7619300.0,0.0010749637775724
171,9602,3543000.0,0.0010687615196499
172,9001,5846800.0,0.0010673566970231
173,9007,8634800.0,0.0010656184932041
174,7747,6708700.0,0.0010642278352184
175,7259,4478600.0,0.0010572960295779
176,1802,18735300.0,0.001048410078041
177,6448,7307200.0,0.001033213191809
178,3626,5567500.0,0.0010198465108635
179,3088,3648300.0,0.0009809033657162
180,7276,3258800.0,0.0009738726636505
181,7186,32940300.0,0.000971028718481
182,2127,9591000.0,0.000966785096921
183,4922,1151100.0,0.0009662173870979
184,4062,3122500.0,0.0009633673463861
185,4183,5184300.0,0.0009632513374756
186,7752,16175100.0,0.000960704924715
187,3003,13987800.0,0.0009592112857912
188,6806,918800.0,0.0009548536975772
189,4967,1714700.0,0.0009520339472135
190,2181,5846100.0,0.0009471063258755
191,9008,3012300.0,0.0009397151749128
192,3861,24413100.0,0.0009392174826345
193,6976,2886600.0,0.0009338538051925
194,4042,8235000.0,0.0009226746057508
195,6465,1788800.0,0.0009216759610783
196,6361,2447500.0,0.0009201989162689
197,9147,1911200.0,0.0009119310876871
198,9684,2793500.0,0.0009089686916429
199,6370,3238100.0,0.0009049942544733
200,3038,4505500.0,0.0009004414902452
201,8331,19109600.0,0.0008939144136188
202,6845,3586100.0,0.0008902706471236
203,4732,6546300.0,0.000883513513742
204,6460,6069500.0,0.0008756436878434
205,7182,14246900.0,0.0008737644871381
206,4768,3248700.0,0.0008673777016641
207,7731,9105400.0,0.0008365159526901
208,6724,7340300.0,0.0008334320829819
209,4516,1512700.0,0.0008323217449929
210,5486,6518700.0,0.0008256414179414
211,4004,5221400.0,0.0008240522176534
212,7459,6194300.0,0.0008236267100851
213,2768,6499500.0,0.0008065667988182
214,9009,4040000.0,0.000806147948881
215,3769,1163600.0,0.0008059308576439
216,4091,5486400.0,0.0008007716806469
217,7181,6074800.0,0.0007986318205667
218,9048,6104000.0,0.000797895983698
219,8593,21369700.0,0.000780758672785
220,6841,5954600.0,0.0007746479729044
221,9107,1784700.0,0.0007635163136957
222,2433,7895300.0,0.0007593672854578
223,1803,17479100.0,0.0007455938145055
224,4536,11166000.0,0.0007412989991346
225,9706,2182600.0,0.00073608918417
226,3197,7636300.0,0.000735887512906
227,2371,4290000.0,0.0007349294073366
228,3289,17324100.0,0.0007324902973535
229,8355,13945300.0,0.0007324641664635
230,8369,2065300.0,0.0007300659640639
231,6028,3501700.0,0.000728258723233
232,2784,6549100.0,0.0007243737581309
233,2875,2879200.0,0.0007201730739201
234,8354,4842000.0,0.0007179067313389
235,3092,4144500.0,0.0007144037931033
236,2002,6553600.0,0.0007113645657473
237,7013,3820200.0,0.0007071748797433
238,5333,6429000.0,0.0007034610457398
239,7735,1029500.0,0.0006931187342662
240,9142,4283600.0,0.0006832699618582
241,7936,5170600.0,0.0006678116667994
242,9468,3262500.0,0.0006673049561164
243,4527,3066400.0,0.0006645395097892
244,4613,5870300.0,0.0006602927592676
245,9435,692300.0,0.0006593662306053
246,3563,3381300.0,0.0006557040026114
247,3291,5034300.0,0.0006533519039952
248,8804,5696100.0,0.0006488808612527
249,8252,4625400.0,0.0006479494049441
250,6967,1797600.0,0.0006410496883363
251,9506,14013600.0,0.0006319015785207
252,9024,7784800.0,0.0006301079902055
253,7012,4360400.0,0.0006285280456485
254,6268,3373600.0,0.0006274524322648
255,4182,5289600.0,0.0006273506067317
256,9508,12313000.0,0.0006267350943675
257,2593,1864400.0,0.0006217887742042
258,3231,3122200.0,0.0006152088986906
259,9006,7509500.0,0.0006148599975985
260,6113,9551600.0,0.0006048902823883
261,3099,10050200.0,0.0006044543636838
262,3288,1918900.0,0.0006040117748573
263,9086,1118400.0,0.0005965097612206
264,4403,1941200.0,0.0005916333274481
265,6302,3425000.0,0.000588027776755
266,2282,2282300.0,0.0005851246810933
267,1911,4674900.0,0.0005836434893167
268,6923,4163600.0,0.0005835181622207
269,4088,5383700.0,0.0005786610455712
270,5947,1108800.0,0.0005761546472973
271,4912,6854800.0,0.0005732418524788
272,5334,4526000.0,0.000565053890489
273,7550,2942100.0,0.0005641028984673
274,8303,3937000.0,0.0005601207481885
275,6481,3453900.0,0.0005595543249245
276,9513,4984900.0,0.0005563441538329
277,3405,8540500.0,0.000555793600213
278,9987,2290800.0,0.0005493902206247
279,8304,3370900.0,0.0005482130565069
280,3391,1315000.0,0.0005461474671111
281,9831,22548000.0,0.0005449811950278
282,5714,1570300.0,0.0005433190355962
283,9719,4156500.0,0.0005389117587204
284,3141,3186100.0,0.0005330827653227
285,1963,5748700.0,0.0005295709960454
286,4739,2735700.0,0.0005219659952252
287,7956,3697900.0,0.0005120158219736
288,2331,2261900.0,0.0005113808925594
289,4716,974600.0,0.0005100737235166
290,9533,2666400.0,0.0005087436961905
291,7453,6934600.0,0.0005062889538896
292,3697,326400.0,0.0005057541325145
293,8227,701300.0,0.0005054429850625
294,6471,11172700.0,0.0005017062990211
295,9504,9317600.0,0.0004969634612973
296,1808,5524800.0,0.0004910028204258
297,5711,3830500.0,0.0004863572240876
298,6849,2472600.0,0.0004848931385508
299,3401,5516300.0,0.0004781893161819
300,3635,1915600.0,0.0004743627146474
301,2811,2330600.0,0.0004730571694171
302,4061,2131300.0,0.0004632189892628
303,5076,7813600.0,0.0004631054722799
304,7211,22650200.0,0.000462575172598
305,6951,1240200.0,0.0004608623377263
306,3349,608000.0,0.0004590842630656
307,8088,1409400.0,0.0004568400293159
308,5233,3476200.0,0.0004567862436503
309,1721,2678700.0,0.0004528713629261
310,6753,6589600.0,0.0004527039291235
311,6305,2452100.0,0.0004525412668315
312,7167,27588200.0,0.0004514266382303
313,4205,5104800.0,0.0004406048773871
314,6856,1104400.0,0.0004386781864123
315,8282,5415100.0,0.0004362733825905
316,2212,4324800.0,0.0004337845652093
317,6005,2539300.0,0.0004329514369916
318,8111,1051800.0,0.0004302659634288
319,7518,2214700.0,0.000430167722774
320,9045,2472900.0,0.0004295068248511
321,4581,1348000.0,0.0004293610002454
322,9989,2267100.0,0.0004276024113344
323,3086,7025700.0,0.0004269381533687
324,9364,3068500.0,0.000423526829384
325,5929,5705200.0,0.0004233015316484
326,4587,3211000.0,0.0004215368471953
327,4186,944300.0,0.0004210859269617
328,7649,1203200.0,0.0004193093512049
329,4202,8442000.0,0.0004181008599972
330,2809,3046900.0,0.0004167396679624
331,4666,3574600.0,0.00041502032535
332,2810,2169400.0,0.0004118847809324
333,4401,2628700.0,0.0004107625641306
334,3774,1599300.0,0.0004105199665468
335,7164,1439300.0,0.0004103501844616
336,6966,574900.0,0.0004089578589454
337,2229,2798900.0,0.0004064179351893
338,6754,3941400.0,0.0004044367403242
339,5631,1742700.0,0.0004005280862963
340,1944,4157700.0,0.0003993668480316
341,5021,1986100.0,0.0003981701232189
342,2651,1333900.0,0.0003973783272741
343,4676,5636300.0,0.0003949566982569
344,6728,1219000.0,0.0003928402085855
345,5214,2395200.0,0.0003923761479617
346,2871,2630900.0,0.0003918819406348
347,9404,5012100.0,0.0003906581043992
348,5406,11044800.0,0.0003897344798631
349,4921,2476500.0,0.0003866703457219
350,8056,1875100.0,0.0003864567519271
351,2175,1986800.0,0.0003840407687809
352,1414,1114100.0,0.0003813003978655
353,2579,4180500.0,0.000381191852247
354,6770,5277400.0,0.0003806839112138
355,1951,2811300.0,0.0003804771936402
356,5110,5331200.0,0.0003749090219986
357,7476,864700.0,0.0003742494918254
358,8876,3197700.0,0.0003736577808048
359,2206,1604400.0,0.0003727504006389
360,4631,2410500.0,0.0003726017281159
361,4902,13052600.0,0.0003700968662184
362,4540,1847300.0,0.0003686131450415
363,9044,2531700.0,0.0003673025784835
364,9065,1486300.0,0.0003671262949029
365,6406,2087400.0,0.0003667228212208
366,6134,2663900.0,0.0003630238763286
367,2264,1104900.0,0.0003622803700687
368,1860,7765400.0,0.0003617971859303
369,5101,3328700.0,0.0003613158004765
370,6141,3509900.0,0.0003599402564377
371,9401,3368800.0,0.0003593565957797
372,4681,2611800.0,0.0003577182314463
373,8012,3062900.0,0.0003565670858007
374,4208,2824700.0,0.0003556521049433
375,4887,1284900.0,0.0003494781388306
376,7988,2042500.0,0.0003487571348643
377,6952,4100800.0,0.0003470327084697
378,2201,1372700.0,0.0003467821104867
379,8359,12947400.0,0.0003460898480012
380,7780,1984400.0,0.000345281139425
381,9449,2103200.0,0.0003448040883014
382,8253,3758500.0,0.0003434166966769
383,3994,1219400.0,0.0003411824868465
384,7337,8506500.0,0.0003410738787736
385,4530,1510200.0,0.0003371887200631
386,8174,2929200.0,0.0003369777118773
387,5706,1633200.0,0.0003366013371272
388,2501,1996000.0,0.0003365788535699
389,5301,4986300.0,0.0003350836220607
390,6925,3056500.0,0.000325088475449
391,9301,1726900.0,0.0003240963884808
392,5463,1862000.0,0.0003225883350985
393,7205,7641200.0,0.0003216503210858
394,7846,979800.0,0.0003212619301234
395,6473,5653100.0,0.0003202259190277
396,4118,1464200.0,0.0003186879999868
397,5901,3597300.0,0.000316780395054
398,8233,4278100.0,0.0003155464911811
399,2670,940900.0,0.0003149711556847
400,9601,379600.0,0.0003148377532444
401,4272,4427400.0,0.0003135626607435
402,4114,956000.0,0.0003128611987358
403,9793,1065800.0,0.000312517137854
404,5857,2422900.0,0.0003124770109496
405,9861,2103500.0,0.0003103022576375
406,9616,1043100.0,0.0003094440102898
407,6417,1322200.0,0.0003092512762399
408,3116,2377400.0,0.0003089846212497
409,6592,1417800.0,0.0003085888856585
410,8136,1805100.0,0.0003085592635717
411,1417,2675400.0,0.0003049398043002
412,4686,854100.0,0.0003024504997753
413,7984,2853800.0,0.0003021035035401
414,7732,2877300.0,0.0003020754178297
415,4483,751600.0,0.0002999508902866
416,9744,694000.0,0.0002999356514311
417,8385,7586800.0,0.0002989857710964
418,8418,6696700.0,0.0002982036118541
419,8905,3026100.0,0.0002978530244952
420,4206,1583800.0,0.0002972400602674
421,3107,2807000.0,0.0002964480145054
422,1893,7426900.0,0.0002954673754151
423,8279,684200.0,0.0002922817488736
424,7180,11738300.0,0.0002917768306298
425,5105,3123400.0,0.0002908491340717
426,1332,8112800.0,0.0002908340076339
427,4980,1592800.0,0.0002874892537152
428,9627,785300.0,0.0002864250320005
429,8086,4452200.0,0.0002852886880302
430,5991,5410200.0,0.0002845037120978
431,8919,1494200.0,0.0002841571280612
432,7729,1007700.0,0.0002838378615468
433,4023,461200.0,0.0002819905250387
434,6136,2763900.0,0.0002817117788909
435,5444,1070400.0,0.0002807746642205
436,8382,4699600.0,0.0002805958949578
437,6727,4746100.0,0.0002804080947996
438,3923,2754200.0,0.0002781429263598
439,1820,1161800.0,0.0002775398424064
440,9783,1948700.0,0.0002772434091935
441,4544,1527900.0,0.0002771111933854
442,6674,1939800.0,0.0002746445597809
443,2379,1028300.0,0.000273584797305
444,4506,3779700.0,0.0002731198186027
445,8439,1091100.0,0.0002729163798812
446,8410,17923800.0,0.0002720187800628
447,2427,3349300.0,0.000271304221383
448,9759,1880800.0,0.0002711071342665
449,3880,2783200.0,0.0002695992869835
450,2531,3920700.0,0.0002683716847521
451,9749,619000.0,0.0002679084485254
452,4819,992300.0,0.000267725207533
453,9003,1911400.0,0.0002668035690445
454,2412,2127400.0,0.0002646677435138
455,8060,1494200.0,0.0002638135307156
456,9031,1620900.0,0.0002638111574512
457,1377,960900.0,0.0002625540830233
458,2492,6407300.0,0.0002621071598666
459,2432,2226400.0,0.0002619670186046
460,5803,6745000.0,0.0002615990002433
461,4552,1724700.0,0.0002615319617698
462,8424,594600.0,0.0002610614558596
463,9303,1908100.0,0.0002602653130937
464,3765,1559400.0,0.0002594503590849
465,7616,2476500.0,0.0002573677821125
466,8803,1009100.0,0.0002568173409105
467,4919,755000.0,0.0002560408775027
468,3941,5321600.0,0.0002559148446729
469,1959,1391300.0,0.0002558121197975
470,3360,1867400.0,0.0002542473141692
471,7458,1143800.0,0.0002535951660974
472,8334,10788700.0,0.0002513277680381
473,9934,1572200.0,0.000251171788359
474,6436,1602000.0,0.0002510300420207
475,8283,845200.0,0.0002504714505292
476,9507,5369000.0,0.0002501466880341
477,8572,11905100.0,0.0002490808737341
478,3050,3718400.0,0.0002480218169921
479,4927,2611900.0,0.0002456654277638
480,5232,1085000.0,0.0002453018561505
481,2222,571600.0,0.0002452513930551
482,3048,3574400.0,0.0002446674700889
483,8570,3283000.0,0.0002446097997643
484,4203,910900.0,0.0002443410275725
485,9076,3682800.0,0.0002442672128046
486,3132,1437000.0,0.0002442012235638
487,5801,1835000.0,0.0002429598189263
488,8129,1834100.0,0.0002420388237174
489,6755,1661200.0,0.000240179227425
490,8515,10127600.0,0.0002352946246267
491,9072,1901600.0,0.0002339633981775
492,1973,1985800.0,0.0002294403309814
493,8078,1152800.0,0.0002293115501613
494,4665,1324200.0,0.0002291672931591
495,4521,931100.0,0.0002288250621891
496,1719,4012700.0,0.0002265518683683
497,8595,2305700.0,0.0002265134776942
498,2327,926900.0,0.0002257667675273
499,7282,1894500.0,0.0002249257888008
500,7004,5066700.0,0.0002230883200762
501,6055,1797900.0,0.0002217660995409
502,3397,1498900.0,0.0002207389569595
503,7730,2369900.0,0.0002206836661447
504,2317,8565900.0,0.0002198757569838
505,7313,2583800.0,0.0002197852419292
506,5471,935600.0,0.0002164915506674
507,6323,301600.0,0.0002164282219809
508,3105,3532700.0,0.0002151165874538
509,8278,1539900.0,0.0002131202911328
510,9375,1094300.0,0.0002122074024953
511,4045,3171600.0,0.0002117476699564
512,4974,1601400.0,0.0002096300935797
513,9746,982000.0,0.0002094424558027
514,7762,6768800.0,0.0002084112349539
515,3549,579200.0,0.0002083596226989
516,6412,1706600.0,0.0002081596314562
517,7947,1124700.0,0.0002070745375058
518,1833,1080200.0,0.0002064372785452
519,4043,1871900.0,0.0002026020021049
520,5344,211500.0,0.0002022311670535
521,2730,2766300.0,0.0002021378602905
522,5393,1374400.0,0.0002009449451917
523,9075,883000.0,0.0002007356982179
524,9605,187100.0,0.0002004012553023
525,6457,1531600.0,0.0002003973206797
526,7516,856600.0,0.0002003514167502
527,9682,1118800.0,0.0001990707408325
528,6544,1854800.0,0.0001985502464798
529,8377,3588400.0,0.0001972177709441
530,7867,2526500.0,0.0001953450779796
531,6103,662700.0,0.0001932842101309
532,4812,825700.0,0.0001923506428662
533,7966,1262400.0,0.0001907984655026
534,7240,2741300.0,0.0001902099146709
535,2121,1337600.0,0.0001874613060299
536,4849,975900.0,0.0001871139725414
537,8698,4973300.0,0.0001857412514381
538,1333,1233900.0,0.000184641493212
539,8020,2194200.0,0.0001844521816591
540,3543,1315600.0,0.0001838850713974
541,8273,1044000.0,0.0001827620926529
542,6407,1720300.0,0.0001826483008709
543,2815,561000.0,0.0001825421285167
544,6588,656900.0,0.0001815411418071
545,8341,1796200.0,0.0001811714434245
546,6395,3116700.0,0.0001798578915496
547,2001,1697300.0,0.0001791462994503
548,9010,695300.0,0.0001791260330215
549,2154,1906200.0,0.0001784566038376
550,1979,888700.0,0.0001781651419891
551,6013,1944900.0,0.0001769780288972
552,3387,3486800.0,0.0001768257839867
553,8114,1120600.0,0.0001767854384922
554,3191,1811500.0,0.0001763790419476
555,9603,1270500.0,0.0001759943545267
556,9505,5461700.0,0.0001756699979847
557,3863,2724100.0,0.0001755760479422
558,5384,490700.0,0.0001749905885996
559,8370,1960600.0,0.0001749781227161
560,1969,1645900.0,0.0001746462841459
561,7189,3552300.0,0.0001737136412051
562,2270,1433900.0,0.0001735542140472
563,4985,503300.0,0.0001728829424607
564,4626,882800.0,0.0001717445250068
565,4534,737600.0,0.0001704453501177
566,3632,2731900.0,0.0001701071162245
567,7839,561300.0,0.0001691433335569
568,2931,3141200.0,0.0001691084777975
569,9832,1974700.0,0.0001689601237916
570,8098,1270600.0,0.0001687869504365
571,4733,573000.0,0.0001681957452959
572,6707,556400.0,0.0001678405050898
573,9869,797300.0,0.0001678085909292
574,4958,1054800.0,0.000166997746415
575,8366,1084300.0,0.0001658443836408
576,9956,1299300.0,0.0001657019815322
577,3148,888600.0,0.0001649368286029
578,5423,1964400.0,0.0001647663282929
579,4095,2855300.0,0.0001642380958492
580,8425,869000.0,0.0001633611559219
581,4547,1017200.0,0.0001633318773338
582,3591,1412300.0,0.0001631778524751
583,6472,12476900.0,0.0001620811670018
584,2296,3954400.0,0.0001617649482585
585,1861,949000.0,0.0001610342950988
586,6135,646400.0,0.0001608763481084
587,4443,2057400.0,0.0001607454063686
588,1942,3120100.0,0.0001605677238112
589,9509,5317200.0,0.000160395674634
590,3593,786600.0,0.0001596613616508
591,8616,6601100.0,0.0001595474262239
592,3167,2919000.0,0.0001593338511654
593,8218,930300.0,0.0001593136534364
594,5703,1531100.0,0.000159213657815
595,7817,1173200.0,0.0001590722424847
596,7419,974400.0,0.0001590154090481
597,9830,1254000.0,0.0001589849813005
598,9069,2885000.0,0.0001589194042582
599,3865,3811300.0,0.0001585294269559
600,4928,497600.0,0.0001584940902983
601,9757,1163800.0,0.0001584518711739
602,3101,2368500.0,0.0001576859937744
603,1662,977300.0,0.0001566809850062
604,4041,729900.0,0.0001563579649868
605,4694,744000.0,0.0001554288319792
606,2146,843500.0,0.0001553539804695
607,2607,1330900.0,0.0001530247713638
608,3186,1222600.0,0.0001530187445213
609,6807,1344600.0,0.0001530044299898
610,3569,1187200.0,0.000152888589706
611,4722,1267700.0,0.0001526462169577
612,7864,1409700.0,0.0001521363398404
613,4553,880800.0,0.0001517169465506
614,9936,398200.0,0.0001517028068912
615,8130,1537200.0,0.0001496714674479
616,4189,964600.0,0.0001488615472577
617,8628,2955300.0,0.0001485798720021
618,4634,1228600.0,0.0001484752297789
619,4680,1632100.0,0.0001482086996974
620,6371,800000.0,0.0001481916246846
621,6622,635100.0,0.0001479494892628
622,7994,1975500.0,0.0001478074681255
623,7327,938300.0,0.0001476742530482
624,2326,322200.0,0.0001475000054787
625,8153,790600.0,0.000147042889776
626,8242,2775400.0,0.0001468153686665
627,3182,866700.0,0.0001467982936538
628,8051,2414300.0,0.0001450537070027
629,6787,662000.0,0.000144499949476
630,6508,980300.0,0.0001442436868856
631,6866,293100.0,0.0001436970991155
632,9948,1122700.0,0.0001430396424259
633,9715,741600.0,0.0001424220940506
634,4044,952700.0,0.0001422650651388
635,8381,3504500.0,0.0001413907857657
636,4569,1186700.0,0.0001401506114785
637,9716,2505600.0,0.000139741604343
638,8511,2371000.0,0.0001388982960702
639,6432,930900.0,0.0001384283210218
640,7965,1609300.0,0.000138097644102
641,6995,1611300.0,0.000137866737968
642,4975,662800.0,0.000137430494501
643,8179,1055700.0,0.0001371407064285
644,2602,747400.0,0.0001370009961013
645,6750,1401600.0,0.0001367312059039
646,1926,1124900.0,0.000136434960054
647,3110,859900.0,0.0001357649125723
648,9810,409300.0,0.0001357371703607
649,8361,1139200.0,0.0001356080273055
650,2678,1363400.0,0.0001355591630408
651,2471,1651100.0,0.0001349819039512
652,8358,5292300.0,0.000134855027988
653,6996,1827700.0,0.0001346943704799
654,9409,1443300.0,0.0001338583880995
655,7581,893800.0,0.00013341380698
656,9412,5085100.0,0.0001333863270765
657,6104,683400.0,0.0001329522070567
658,8584,644300.0,0.0001327897633548
659,8524,8592800.0,0.0001325544104728
660,3962,1154900.0,0.00013163451446
661,8276,1075400.0,0.00013130441212
662,4559,1042900.0,0.0001296158969628
663,6703,2430500.0,0.0001282669772031
664,3762,1014900.0,0.0001277205643051
665,7381,546200.0,0.0001275809476594
666,7630,424600.0,0.0001275520937608
667,8585,16326600.0,0.0001274583498175
668,3433,1560900.0,0.0001272178694353
669,7545,1278200.0,0.0001270879581919
670,2695,629200.0,0.0001269269259578
671,1890,2151500.0,0.0001250989190635
672,4996,2277200.0,0.0001250122511953
673,9787,720400.0,0.0001249880438986
674,6641,1434000.0,0.0001247563883127
675,1766,230300.0,0.0001245587828253
676,4368,517300.0,0.0001240612716645
677,1835,845900.0,0.0001237809579132
678,3244,941600.0,0.0001234946860192
679,8850,820700.0,0.0001234763431837
680,6080,482100.0,0.0001220929298998
681,9678,1006000.0,0.0001220768479108
682,2337,6720900.0,0.0001217272910483
683,7943,827400.0,0.000121487241601
684,9519,1199800.0,0.000121166176402
685,5741,887700.0,0.000121082500096
686,7575,1785100.0,0.0001209636307774
687,9672,437200.0,0.0001209612887402
688,7128,563700.0,0.000120578849675
689,8050,865300.0,0.0001205130540426
690,8771,890000.0,0.0001203957023641
691,7816,797100.0,0.0001203239236073
692,3222,1751200.0,0.0001196507971273
693,8368,5552300.0,0.0001192872130232
694,6289,535600.0,0.0001192511643862
695,7944,426100.0,0.0001192208115838
696,3844,673800.0,0.0001190912813117
697,7734,464500.0,0.0001190861912841
698,8388,883100.0,0.0001184695360057
699,9119,2551800.0,0.0001180938732349
700,7821,633400.0,0.0001180032145353
701,7917,524700.0,0.0001176435275812
702,9247,899600.0,0.000117143455793
703,5911,981100.0,0.0001166655802724
704,7451,579000.0,0.0001160769857226
705,4384,677500.0,0.0001156408983915
706,5451,750100.0,0.0001153372891766
707,6474,489200.0,0.0001151835141351
708,1961,1246800.0,0.0001143881707847
709,8367,899400.0,0.0001143650127206
710,5930,1874700.0,0.0001142731299162
711,1821,4326700.0,0.0001140333177953
712,6875,542600.0,0.0001140321686357
713,8566,534200.0,0.0001136013586951
714,7220,1364400.0,0.0001132476548653
715,6804,1434400.0,0.0001116222685409
716,2659,440600.0,0.000111445372908
717,4471,357700.0,0.0001112527637666
718,7242,603300.0,0.000111001435068
719,1941,846900.0,0.0001105454685249
720,2491,458400.0,0.0001100787473469
721,4549,1020300.0,0.0001097295402286
722,6652,757400.0,0.0001093170169146
723,9728,625900.0,0.0001090615537396
724,9090,1142700.0,0.0001085485351697
725,6914,1003700.0,0.0001079442708296
726,9517,863500.0,0.0001072114692411
727,5186,613500.0,0.0001059813063823
728,7380,774600.0,0.0001054621235704
729,6619,1761200.0,0.000105374787441
730,6523,943400.0,0.000105288987688
731,8160,816000.0,0.0001052380374488
732,2733,468100.0,0.000104953183268
733,4046,524800.0,0.0001048832968773
734,9511,1297800.0,0.0001046397125151
735,2292,551700.0,0.0001042295562201
736,5943,1093800.0,0.0001028786878854
737,3201,1697800.0,0.0001028539060089
738,9663,178700.0,0.0001026774100837
739,7915,1191700.0,0.0001026345851523
740,9882,1011800.0,0.0001026226501306
741,6222,884200.0,0.0001023818012679
742,2281,767900.0,0.0001021519818392
743,4373,949200.0,0.0001018458682058
744,8200,726400.0,0.0001018031494469
745,8154,527200.0,0.000101411835622
746,4917,1253400.0,0.0001013729265769
747,3046,379700.0,0.0001012583853431
748,7611,869700.0,0.0001010287407864
749,7148,2030700.0,0.0001008266698147
750,3097,298500.0,0.0001006701280467
751,8609,4615500.0,0.0001006020216042
752,5727,1083200.0,0.0001005286814892
753,6101,1298300.0,9.908519963460077e-05
754,2590,314800.0,9.88929277466396e-05
755,8194,532500.0,9.870656403791608e-05
756,6368,176200.0,9.859989204914272e-05
757,6250,1117400.0,9.839891402813996e-05
758,1950,974300.0,9.833238768010634e-05
759,8074,542600.0,9.827438010213636e-05
760,3001,624500.0,9.813086006103496e-05
761,6908,513800.0,9.803199486300908e-05
762,6737,460700.0,9.753948004833296e-05
763,4212,877800.0,9.741941785206954e-05
764,6871,1013900.0,9.71999471051442e-05
765,6490,586800.0,9.682454039711266e-05
766,7224,1684700.0,9.595772431597486e-05
767,6420,405300.0,9.568215084802192e-05
768,8079,389800.0,9.530948588490092e-05
769,8336,856400.0,9.520487488888484e-05
770,4369,617400.0,9.52029138230491e-05
771,7981,1170700.0,9.512297853122765e-05
772,3978,1256200.0,9.422460427917228e-05
773,3087,1011000.0,9.414371343616336e-05
774,8140,649200.0,9.406520834840683e-05
775,8255,444400.0,9.394966784534434e-05
776,8600,4562600.0,9.37499014382656e-05
777,4956,979700.0,9.355416333521256e-05
778,7447,774900.0,9.354919197086456e-05
779,5192,743300.0,9.242680029695254e-05
780,6744,770600.0,9.221191369755407e-05
781,9974,267600.0,9.192027697695918e-05
782,3076,860100.0,9.185601147552604e-05
783,3465,271100.0,9.17680133302206e-05
784,6235,758500.0,9.161668649837172e-05
785,9699,521500.0,9.139122638158493e-05
786,9842,943400.0,9.12661678392431e-05
787,4348,656600.0,9.124171072518944e-05
788,9302,598900.0,9.070444738594888e-05
789,7860,1035900.0,9.07044036679207e-05
790,6118,1495400.0,9.021879630169792e-05
791,4541,1853600.0,9.018119879745816e-05
792,2004,548900.0,8.995381508743114e-05
793,7595,467200.0,8.987027618100067e-05
794,3580,956300.0,8.982650818935409e-05
795,9543,1544200.0,8.978747423561675e-05
796,7278,923200.0,8.948495797143616e-05
797,2220,339300.0,8.931902307274063e-05
798,1720,2366600.0,8.927386234962469e-05
799,6516,254700.0,8.923892539967165e-05
800,6287,796100.0,8.90483210422141e-05
801,8133,1332300.0,8.903245139798267e-05
802,5273,273000.0,8.866016116081751e-05
803,7226,1082600.0,8.864071288370745e-05
804,9068,443800.0,8.814079098597013e-05
805,6376,1740700.0,8.805853863865483e-05
806,2874,1614000.0,8.749551288994762e-05
807,6740,20896600.0,8.744056557395065e-05
808,3002,370800.0,8.707432091554034e-05
809,9536,653600.0,8.690609394308137e-05
810,2685,649000.0,8.657818374995741e-05
811,6999,897300.0,8.613388992037026e-05
812,1379,676100.0,8.609752901178486e-05
813,6810,1182400.0,8.595673822472876e-05
814,2384,452700.0,8.58087776810502e-05
815,4290,2191900.0,8.555852319684945e-05
816,9551,635100.0,8.555684942091317e-05
817,8097,1439000.0,8.537818633058297e-05
818,7990,516800.0,8.5241960954756e-05
819,4187,482500.0,8.50990154934536e-05
820,5331,329000.0,8.486106451147086e-05
821,6929,569100.0,8.469838972859146e-05
822,5541,371900.0,8.454542034796932e-05
823,7033,286800.0,8.382769523381034e-05
824,6258,279300.0,8.372876758145843e-05
825,2929,773200.0,8.349286510136784e-05
826,4825,195000.0,8.330157999175712e-05
827,6741,1471500.0,8.298709123328621e-05
828,6200,593700.0,8.287186300185361e-05
829,6095,437400.0,8.24989169942657e-05
830,2168,633600.0,8.203080933018246e-05
831,8125,1219000.0,8.199397376871962e-05
832,4617,1374400.0,8.188871324771339e-05
833,5302,314700.0,8.186047764693796e-05
834,8173,656100.0,8.15428037178421e-05
835,7995,497100.0,8.152691533731285e-05
836,7296,1000100.0,8.12612034074321e-05
837,8522,413700.0,8.112929362553032e-05
838,9416,996700.0,8.110943939530137e-05
839,7173,737700.0,8.108769904442783e-05
840,1885,455900.0,8.103395085148968e-05
841,5122,338700.0,8.101706320174475e-05
842,6197,1437500.0,8.080028423626914e-05
843,6498,1946500.0,8.059915007945145e-05
844,7366,473100.0,8.057505520048846e-05
845,7718,880900.0,8.037839901884349e-05
846,9945,674700.0,8.031490170561991e-05
847,1419,503600.0,7.995098034813605e-05
848,5988,843500.0,7.991589975323326e-05
849,6768,2306600.0,7.951954586426813e-05
850,3668,1974600.0,7.917292435508063e-05
851,8096,326400.0,7.909415695915501e-05
852,6464,1343000.0,7.875971404353359e-05
853,6183,840300.0,7.861559444090278e-05
854,8544,2517800.0,7.830925597197223e-05
855,7250,1242600.0,7.814898568064305e-05
856,1822,280200.0,7.804867154225443e-05
857,9039,281400.0,7.794356091163053e-05
858,4848,498500.0,7.783370375223221e-05
859,6454,782800.0,7.778279098569354e-05
860,5702,856600.0,7.767964142090542e-05
861,7383,1832300.0,7.747253663052407e-05
862,6630,997700.0,7.732755515819471e-05
863,9755,624800.0,7.730151794969377e-05
864,6282,825500.0,7.717940100610561e-05
865,5715,973400.0,7.714636891309493e-05
866,8057,250800.0,7.690800573256071e-05
867,9037,421400.0,7.690193517207551e-05
868,8848,6257800.0,7.660202949872086e-05
869,7085,1604800.0,7.657320058184862e-05
870,8022,572300.0,7.656067224405709e-05
871,3636,312000.0,7.638413884624278e-05
872,6455,980500.0,7.636187387903101e-05
873,4047,1239100.0,7.607157368101208e-05
874,6340,517000.0,7.58143055760038e-05
875,2157,1563600.0,7.568152767897088e-05
876,1884,167000.0,7.540797773117969e-05
877,6947,397800.0,7.527832255044578e-05
878,3708,349100.0,7.521967793835081e-05
879,8714,6763000.0,7.518339197495659e-05
880,2594,589200.0,7.477371657825998e-05
881,8818,884200.0,7.460507740724955e-05
882,7744,550000.0,7.440183853964631e-05
883,3445,196500.0,7.436998683339668e-05
884,7976,946600.0,7.419467754037159e-05
885,7599,1827600.0,7.419199200435444e-05
886,7350,533000.0,7.399957022601092e-05
887,7199,305400.0,7.391001072255598e-05
888,5563,3720100.0,7.388295550854156e-05
889,6651,768600.0,7.353966906036141e-05
890,6789,360700.0,7.343891774169093e-05
891,5946,615200.0,7.342425346595089e-05
892,5975,1060600.0,7.332663735444457e-05
893,5481,586900.0,7.316227005933114e-05
894,4633,1189300.0,7.308849900948387e-05
895,6191,364700.0,7.288669659137819e-05
896,1515,179800.0,7.276578501628144e-05
897,3254,745200.0,7.269698533078219e-05
898,6413,474900.0,7.245830363318548e-05
899,2908,570900.0,7.238000464470467e-05
900,8032,304400.0,7.224216794726743e-05
901,3156,571300.0,7.178847474162031e-05
902,4025,221600.0,7.155217255384344e-05
903,8715,1853700.0,7.143106737033616e-05
904,9418,532900.0,7.12898518938634e-05
905,5202,2881600.0,7.108751236855427e-05
906,7384,634800.0,7.10852889945494e-05
907,7421,844900.0,7.070866442716125e-05
908,6035,271100.0,7.043448993611029e-05
909,7970,1098800.0,7.040905853457132e-05
910,7246,2882700.0,7.039450043118545e-05
911,4971,444900.0,7.018725824128693e-05
912,6800,438100.0,7.009949742242024e-05
913,6349,1513700.0,6.986292668104162e-05
914,1982,586000.0,6.979283419099457e-05
915,8155,472100.0,6.931849983061116e-05
916,7606,631400.0,6.924550945983866e-05
917,9887,289700.0,6.866300420685836e-05
918,3371,261700.0,6.864604785735489e-05
919,9058,161800.0,6.861369651649738e-05
920,5480,431900.0,6.859494148240565e-05
921,3673,2975800.0,6.857923421942177e-05
922,6332,1069100.0,6.857270774235687e-05
923,7508,669700.0,6.855226019603112e-05
924,5310,385600.0,6.836989980960292e-05
925,1852,214900.0,6.83151023839883e-05
926,4326,691200.0,6.82061195851537e-05
927,9110,303700.0,6.818772678615265e-05
928,1968,399400.0,6.76737714013677e-05
929,1954,372000.0,6.760805695957183e-05
930,9025,937900.0,6.759660283618716e-05
931,6315,522900.0,6.711088929761024e-05
932,4551,328300.0,6.704727956659989e-05
933,7239,1049100.0,6.65691667194947e-05
934,3036,754200.0,6.646240729466497e-05
935,8399,1310400.0,6.645420079623123e-05
936,7958,480900.0,6.64358392243932e-05
937,7740,459200.0,6.587572384727662e-05
938,1949,473900.0,6.582396170190463e-05
939,1762,485000.0,6.579063607356184e-05
940,6997,578900.0,6.569328851565726e-05
941,3302,659300.0,6.530535346983418e-05
942,4028,1022900.0,6.528998970564318e-05
943,4776,801800.0,6.524886977741812e-05
944,7593,2268000.0,6.515734920812743e-05
945,7354,649500.0,6.486197147340632e-05
946,2109,537500.0,6.485569481364537e-05
947,8386,612700.0,6.466914374194393e-05
948,4914,395600.0,6.465803936278474e-05
949,6058,819600.0,6.418920722852013e-05
950,8167,915800.0,6.417354368356442e-05
951,4714,2670900.0,6.405475555555098e-05
952,4577,394000.0,6.405203254693825e-05
953,6277,414700.0,6.405022761691745e-05
954,4526,599400.0,6.382688470178135e-05
955,3950,428500.0,6.379984197863214e-05
956,3612,784000.0,6.365344903853567e-05
957,8168,1113800.0,6.364888987273915e-05
958,9902,469500.0,6.360008181698598e-05
959,7456,439400.0,6.31724757833006e-05
960,9900,902000.0,6.29811906736899e-05
961,7512,971600.0,6.292580617741108e-05
962,6036,376100.0,6.283326760260692e-05
963,3085,440100.0,6.176137649668209e-05
964,2353,6399200.0,6.154728931265619e-05
965,6459,884300.0,6.141393683582428e-05
966,2395,711800.0,6.125897516220339e-05
967,8059,259800.0,6.1008383424642354e-05
968,2681,778900.0,6.100167583003213e-05
969,2760,178600.0,6.0902710705084655e-05
970,6463,777300.0,6.063363873246621e-05
971,9267,264700.0,6.058853421824365e-05
972,8346,4797300.0,6.0521651880551965e-05
973,4099,744100.0,6.03209986220443e-05
974,6143,1317500.0,6.006700936914996e-05
975,6379,892000.0,5.994316244073216e-05
976,8527,207900.0,5.9857412651162e-05
977,2664,467000.0,5.973231663622461e-05
978,9997,1293200.0,5.90398980149526e-05
979,1899,204900.0,5.886570040892994e-05
980,4362,449900.0,5.880953523357637e-05
981,6962,802400.0,5.8632620864373616e-05
982,5726,699100.0,5.841951421326559e-05
983,8182,696700.0,5.830598473949965e-05
984,4116,471500.0,5.827603789019237e-05
985,1887,1742300.0,5.821558210264399e-05
986,6458,568700.0,5.800052687656541e-05
987,4423,696700.0,5.795788930821906e-05
988,1301,283800.0,5.7870615633094985e-05
989,6196,232800.0,5.779398417511787e-05
990,9474,979800.0,5.776595467361817e-05
991,9743,1165400.0,5.771792729693975e-05
992,6632,4985100.0,5.759809618168246e-05
993,5805,527100.0,5.754359229139996e-05
994,4708,862300.0,5.751646213219436e-05
995,4820,991000.0,5.731221150451027e-05
996,2791,192500.0,5.722689889522197e-05
997,2910,644700.0,5.717531162196271e-05
998,5707,327000.0,5.716275830244079e-05
999,4641,468200.0,5.681548726826312e-05
1000,8008,539400.0,5.679773774881969e-05
1001,2613,572900.0,5.678299228245588e-05
1002,8923,832400.0,5.676978319251116e-05
1003,4548,1079400.0,5.676191394743772e-05
1004,9424,4993000.0,5.675386983025153e-05
1005,5970,723400.0,5.660986264540748e-05
1006,8934,833600.0,5.65392517844548e-05
1007,5011,742500.0,5.634238950353411e-05
1008,9052,434900.0,5.6251231169334096e-05
1009,9790,275300.0,5.58794468122094e-05
1010,7198,891100.0,5.5708702930413423e-05
1011,2288,587600.0,5.563441350966054e-05
1012,6140,1552200.0,5.535365633265129e-05
1013,8613,1792600.0,5.5306078627119927e-05
1014,3028,447800.0,5.523491816809864e-05
1015,6507,698000.0,5.514529621031772e-05
1016,3738,532700.0,5.486127267205973e-05
1017,6339,1279000.0,5.471717180572672e-05
1018,5440,654100.0,5.469999062064969e-05
1019,7483,568100.0,5.435582356647323e-05
1020,3106,486400.0,5.425472250357725e-05
1021,3657,869900.0,5.416603111525344e-05
1022,2124,471800.0,5.401108817793033e-05
1023,7414,568700.0,5.373839385440506e-05
1024,1952,476700.0,5.361933092735731e-05
1025,9742,559900.0,5.3606215518901575e-05
1026,1980,403900.0,5.352809140253354e-05
1027,8043,432800.0,5.349282969008539e-05
1028,8892,1123700.0,5.3477103690803695e-05
1029,9729,496500.0,5.3427771018712304e-05
1030,6409,506600.0,5.337560292022144e-05
1031,6351,457200.0,5.3253429767739896e-05
1032,2742,274700.0,5.318423037455437e-05
1033,8016,3500700.0,5.290939386764799e-05
1034,7433,366900.0,5.279499003331833e-05
1035,6278,225500.0,5.2672104901520616e-05
1036,5195,986700.0,5.2565001977898e-05
1037,7739,561300.0,5.2232863626905217e-05
1038,6859,482000.0,5.219857620194235e-05
1039,3104,259800.0,5.208428478539944e-05
1040,7613,830000.0,5.18370905631717e-05
1041,4674,437000.0,5.16374865373405e-05
1042,2211,342900.0,5.141882769665289e-05
1043,6099,805900.0,5.13889120745086e-05
1044,9413,404700.0,5.138461521688119e-05
1045,8141,866600.0,5.1146158354858e-05
1046,3817,289500.0,5.109557035081442e-05
1047,8237,1147500.0,5.08831007338314e-05
1048,8131,806400.0,5.0816436986280646e-05
1049,3901,301200.0,5.062105487288567e-05
1050,3932,267800.0,5.059393720454528e-05
1051,7717,267500.0,5.028666192072503e-05
1052,3034,739100.0,5.026823164912841e-05
1053,8084,477000.0,5.013777080758936e-05
1054,6590,108500.0,5.007681538543316e-05
1055,8219,1212800.0,5.006718492836708e-05
1056,8871,475900.0,5.0051871127636855e-05
1057,6480,1582700.0,5.001630963442399e-05
1058,8217,916800.0,4.98718277967025e-05
1059,9824,159600.0,4.968903647542504e-05
1060,5208,872900.0,4.960990684440873e-05
1061,6517,492200.0,4.94914309880252e-05
1062,6345,870800.0,4.92730157192089e-05
1063,4251,163300.0,4.920916866175983e-05
1064,6269,643000.0,4.899292055805503e-05
1065,6254,205800.0,4.897031209205037e-05
1066,6381,951700.0,4.891729461472618e-05
1067,4008,256600.0,4.887862914151213e-05
1068,4886,658100.0,4.886931720150856e-05
1069,3091,334300.0,4.870949658132644e-05
1070,7003,2210200.0,4.8450829499416216e-05
1071,3151,1017900.0,4.844206091204866e-05
1072,9692,642900.0,4.790120020363164e-05
1073,6877,264400.0,4.788747898821389e-05
1074,5482,340000.0,4.788373172865511e-05
1075,2734,1223300.0,4.775023560687344e-05
1076,6706,312200.0,4.767319819577745e-05
1077,8541,824000.0,4.760268726174634e-05
1078,9619,599200.0,4.76015880656091e-05
1079,2726,527500.0,4.757208464201629e-05
1080,8920,436700.0,4.748369303445718e-05
1081,9621,331800.0,4.732983680240612e-05
1082,6088,703800.0,4.729596157599472e-05
1083,5851,703000.0,4.719829550102762e-05
1084,1934,1097700.0,4.716660617602552e-05
1085,9919,566300.0,4.707465467188557e-05
1086,1976,1107000.0,4.701311842449774e-05
1087,7322,534500.0,4.700162682851747e-05
1088,6486,724900.0,4.699352025700531e-05
1089,4078,409100.0,4.696101902576545e-05
1090,3902,760500.0,4.692655672868985e-05
1091,8897,2528700.0,4.690469146916435e-05
1092,9470,848000.0,4.687072256126398e-05
1093,8281,819200.0,4.681376421597046e-05
1094,3836,643300.0,4.680605110671197e-05
1095,5074,533000.0,4.676985882480672e-05
1096,1815,406900.0,4.675930404371615e-05
1097,8345,386600.0,4.659954587786001e-05
1098,2209,331500.0,4.656241678106506e-05
1099,8393,360100.0,4.6531401962783526e-05
1100,6194,407600.0,4.640698669999932e-05
1101,9304,327700.0,4.637659642497759e-05
1102,6440,851300.0,4.636194464010274e-05
1103,3788,133300.0,4.6287898791221176e-05
1104,7552,487400.0,4.626916249342726e-05
1105,8005,927500.0,4.622525710226352e-05
1106,4109,301200.0,4.5654886724821086e-05
1107,6779,612400.0,4.562870587137037e-05
1108,3252,382100.0,4.557985409758903e-05
1109,2475,266800.0,4.557279675875333e-05
1110,8068,356400.0,4.556360348196912e-05
1111,7844,945600.0,4.5237516955163776e-05
1112,7905,343100.0,4.508467872862619e-05
1113,8707,570200.0,4.508410414882718e-05
1114,8037,690500.0,4.502219942091608e-05
1115,3031,509800.0,4.498881133824732e-05
1116,4215,1296600.0,4.4861966602182494e-05
1117,8739,2787100.0,4.4735078148089485e-05
1118,3661,693400.0,4.469161618264019e-05
1119,8159,439800.0,4.4634545419559926e-05
1120,8713,551500.0,4.46044112072747e-05
1121,6941,428500.0,4.455819500604971e-05
1122,8214,1165600.0,4.4551618565524046e-05
1123,6272,647300.0,4.45502070977569e-05
1124,1518,347500.0,4.429557456530496e-05
1125,3315,5169700.0,4.4233207675381606e-05
1126,7607,356000.0,4.417844147692999e-05
1127,3395,476000.0,4.417619312119472e-05
1128,9310,1190600.0,4.416872358380755e-05
1129,5949,942000.0,4.406514932960277e-05
1130,9928,529000.0,4.370972176045215e-05
1131,5959,1061400.0,4.368446523102595e-05
1132,6986,1047800.0,4.351736243643461e-05
1133,8163,852200.0,4.348366208213594e-05
1134,9066,449400.0,4.347574287360171e-05
1135,8132,214800.0,4.33981371281393e-05
1136,7840,786500.0,4.322588809708722e-05
1137,2922,342700.0,4.321285387925526e-05
1138,2489,873200.0,4.319181301683269e-05
1139,2053,673300.0,4.301765912883822e-05
1140,8550,2846200.0,4.301731563004534e-05
1141,6157,475600.0,4.289153261752217e-05
1142,6363,534700.0,4.277813429784078e-05
1143,8362,504600.0,4.276511257087402e-05
1144,7921,366500.0,4.275760556089125e-05
1145,3539,422300.0,4.275300267706654e-05
1146,8841,1026000.0,4.274011834961693e-05
1147,6333,414300.0,4.271933979536347e-05
1148,8387,876200.0,4.2628812249855855e-05
1149,6814,727100.0,4.25950869138268e-05
1150,1898,921400.0,4.24685169767963e-05
1151,7522,729800.0,4.229746706880303e-05
1152,3926,356300.0,4.227970505849439e-05
1153,7874,773500.0,4.226986850215259e-05
1154,7283,958600.0,4.2267314120220016e-05
1155,2692,137000.0,4.218227630996603e-05
1156,2266,434800.0,4.200900302796787e-05
1157,6078,480200.0,4.189682256764309e-05
1158,6616,292700.0,4.186207298066797e-05
1159,6844,229200.0,4.1784117490980085e-05
1160,6328,280700.0,4.16710189520634e-05
1161,6050,224100.0,4.154017089370327e-05
1162,6310,538600.0,4.144189276634159e-05
1163,3333,498500.0,4.137639691468664e-05
1164,7513,1036100.0,4.121958659301674e-05
1165,5191,1186000.0,4.11833818202463e-05
1166,6419,388500.0,4.115090557073684e-05
1167,7245,1173600.0,4.104598230309091e-05
1168,4112,181200.0,4.102312401978233e-05
1169,1786,2793200.0,4.0995144481743406e-05
1170,1870,819300.0,4.098623224942611e-05
1171,4997,1090100.0,4.0985039371799896e-05
1172,2752,487800.0,4.09452559661508e-05
1173,4298,637200.0,4.063161034108063e-05
1174,4481,102300.0,4.050675165258197e-05
1175,4072,245900.0,4.037491681587135e-05
1176,2918,390700.0,4.03590971351007e-05
1177,4763,306000.0,4.026692704081982e-05
1178,6718,323100.0,4.015619552085777e-05
1179,8014,336500.0,4.014033212205892e-05
1180,1946,192800.0,4.003697021256247e-05
1181,4216,338600.0,3.994674869325216e-05
1182,6284,213800.0,3.9791149985506266e-05
1183,4246,1263500.0,3.9692253560317374e-05
1184,1375,606600.0,3.96653794638483e-05
1185,9308,379800.0,3.963637567486332e-05
1186,8343,378200.0,3.951663824109498e-05
1187,1813,407300.0,3.950466574680468e-05
1188,8624,1101800.0,3.936056488047166e-05
1189,8392,339500.0,3.935322025173644e-05
1190,8360,638500.0,3.927893083098355e-05
1191,8708,933100.0,3.916156041616986e-05
1192,3431,179700.0,3.9056187477376864e-05
1193,9946,446400.0,3.900357595317156e-05
1194,4301,318400.0,3.891584011603523e-05
1195,9099,553200.0,3.883390004034983e-05
1196,7105,810400.0,3.882016008863429e-05
1197,3179,501200.0,3.88146141444873e-05
1198,9422,425000.0,3.8752909270419325e-05
1199,8151,594700.0,3.873867592952855e-05
1200,7014,1750400.0,3.848065837260851e-05
1201,4719,160200.0,3.846992871940519e-05
1202,9932,281500.0,3.836150800950439e-05
1203,3196,450600.0,3.835743598745051e-05
1204,4923,426600.0,3.809951211201944e-05
1205,2461,1413000.0,3.803487188463043e-05
1206,6958,1158300.0,3.797894403571559e-05
1207,4337,194300.0,3.792148605581424e-05
1208,9889,405200.0,3.790912634470285e-05
1209,3688,243700.0,3.783721643376979e-05
1210,1888,312000.0,3.778286867930224e-05
1211,4220,1380500.0,3.767735209555949e-05
1212,4318,387100.0,3.764214034657212e-05
1213,2389,407200.0,3.756218007302028e-05
1214,9722,255100.0,3.753602420129997e-05
1215,1945,613600.0,3.751721295831488e-05
1216,7745,687700.0,3.749521029927222e-05
1217,4097,915200.0,3.738146223536535e-05
1218,7725,306100.0,3.73360267132151e-05
1219,1663,359000.0,3.7286294333437446e-05
1220,2305,261200.0,3.722642561655328e-05
1221,6584,846100.0,3.7201194068857466e-05
1222,4218,341500.0,3.719629764970066e-05
1223,6855,303400.0,3.706354473439816e-05
1224,2170,1288900.0,3.702879514742304e-05
1225,4951,393300.0,3.699230933018568e-05
1226,3608,1941300.0,3.69789878224542e-05
1227,6462,249500.0,3.693017976670105e-05
1228,8935,592400.0,3.688694888225788e-05
1229,9740,281500.0,3.686713212462452e-05
1230,4743,726900.0,3.672702208972161e-05
1231,4687,509000.0,3.671658597185039e-05
1232,6676,147600.0,3.6642577595564414e-05
1233,4432,457200.0,3.66349331860645e-05
1234,3199,440200.0,3.659237680834191e-05
1235,3655,508400.0,3.657804978596217e-05
1236,4726,259200.0,3.645573923396348e-05
1237,7241,1475200.0,3.639238556568964e-05
1238,1879,816000.0,3.638738921961126e-05
1239,5976,984500.0,3.6215421233026085e-05
1240,3176,587900.0,3.616614476982809e-05
1241,2217,190600.0,3.583042154052408e-05
1242,9381,363500.0,3.577858444996091e-05
1243,4671,271500.0,3.574398475336814e-05
1244,2429,233700.0,3.562780097074806e-05
1245,4345,659600.0,3.559237063161976e-05
1246,6062,435000.0,3.548092713234154e-05
1247,2715,482200.0,3.54459152371973e-05
1248,9726,363500.0,3.539264794256919e-05
1249,4765,1022200.0,3.5367809857127054e-05
1250,4461,216500.0,3.519610417871101e-05
1251,3232,1223100.0,3.5138427608668724e-05
1252,3681,611000.0,3.506866612654937e-05
1253,4611,715000.0,3.5009396971194614e-05
1254,6564,263800.0,3.494443198131051e-05
1255,7600,352100.0,3.4898396897630854e-05
1256,8558,1036100.0,3.487811173255263e-05
1257,6742,1273700.0,3.484205685016453e-05
1258,4992,550800.0,3.481264086262809e-05
1259,6238,537600.0,3.478416168998133e-05
1260,7172,467100.0,3.4627657394508736e-05
1261,4574,922400.0,3.4622330040502674e-05
1262,4449,529400.0,3.455116958148137e-05
1263,4249,311500.0,3.447341394563662e-05
1264,3328,304000.0,3.440284055727952e-05
1265,6617,340100.0,3.438871963417551e-05
1266,2792,512500.0,3.415236748293783e-05
1267,6369,224400.0,3.413993282663528e-05
1268,6915,248500.0,3.395754121304409e-05
1269,6309,233500.0,3.383275746973659e-05
1270,6264,248000.0,3.378079547052147e-05
1271,7942,358100.0,3.374862524720931e-05
1272,2533,1703100.0,3.371801013661404e-05
1273,6247,704800.0,3.3717641656090765e-05
1274,8244,211300.0,3.371731064816307e-05
1275,6644,1092100.0,3.3557533746009146e-05
1276,7679,300000.0,3.3537973051112295e-05
1277,8706,768100.0,3.353184628173368e-05
1278,8344,617500.0,3.3436328635580286e-05
1279,2899,272700.0,3.3330243717471126e-05
1280,4082,540900.0,3.327482174859672e-05
1281,4221,290900.0,3.3192869182046124e-05
1282,2108,320300.0,3.3186836094156485e-05
1283,7504,345400.0,3.3134168361057787e-05
1284,2737,90500.0,3.312140269682753e-05
1285,1873,1303900.0,3.2899415040565194e-05
1286,6937,436200.0,3.288179042977372e-05
1287,5357,388900.0,3.286232341636583e-05
1288,5351,143300.0,3.2845417030323124e-05
1289,1805,513600.0,3.281430228512002e-05
1290,9739,226500.0,3.2790207406157044e-05
1291,2130,167400.0,3.267141927814361e-05
1292,3679,1697700.0,3.265684243845994e-05
1293,9612,176100.0,3.262068138371768e-05
1294,4801,217800.0,3.248289464974121e-05
1295,6820,216300.0,3.242128970259481e-05
1296,8065,469400.0,3.236493091883071e-05
1297,6823,226100.0,3.230867206198817e-05
1298,7238,3358700.0,3.230386307888773e-05
1299,2060,779800.0,3.2289348693530046e-05
1300,2698,223000.0,3.217209694193571e-05
1301,6905,678500.0,3.212044721435048e-05
1302,3946,343000.0,3.193995421226907e-05
1303,9960,192700.0,3.189261383317644e-05
1304,3687,617800.0,3.187061741956638e-05
1305,5142,391800.0,3.18104863945131e-05
1306,7222,896200.0,3.173587845669772e-05
1307,2294,212800.0,3.1577706630721465e-05
1308,5757,122100.0,3.157028705679508e-05
1309,2975,326900.0,3.156362942564564e-05
1310,6745,419700.0,3.1533132978269744e-05
1311,2882,231600.0,3.153243973525136e-05
1312,7231,488000.0,3.151395325476137e-05
1313,3284,771500.0,3.141565014566928e-05
1314,4968,483900.0,3.137007097856928e-05
1315,7893,473900.0,3.1313737176535564e-05
1316,2193,1836900.0,3.120447957866664e-05
1317,9248,232600.0,3.120373012675488e-05
1318,9896,463800.0,3.1167756434990554e-05
1319,2117,290800.0,3.1092861207275666e-05
1320,6306,810700.0,3.098661390791896e-05
1321,1882,99200.0,3.0977345685943566e-05
1322,6924,213000.0,3.086242972614088e-05
1323,5809,1066300.0,3.0833507127779665e-05
1324,9880,364400.0,3.081481454801393e-05
1325,6330,805800.0,3.0799325875170965e-05
1326,4658,611800.0,3.068227397741976e-05
1327,6089,434200.0,3.0670082892988524e-05
1328,6364,554100.0,3.062625869244855e-05
1329,7952,165500.0,3.0595125210947656e-05
1330,3964,318700.0,3.055293731374835e-05
1331,7820,507900.0,3.054689173499351e-05
1332,4027,407100.0,3.051018732761523e-05
1333,7438,450400.0,3.0464170980233368e-05
1334,8075,134700.0,3.04536037082776e-05
1335,8103,555600.0,3.0431569822071947e-05
1336,7715,430800.0,3.0322299733337826e-05
1337,6817,573500.0,3.0301652333168928e-05
1338,8793,245500.0,3.0297093167372405e-05
1339,7637,194000.0,3.024188354320633e-05
1340,7925,378600.0,3.0076704341855156e-05
1341,4343,225300.0,3.0069640757586848e-05
1342,9850,478800.0,3.0022743804208677e-05
1343,9081,143600.0,2.9954593643699595e-05
1344,6151,317600.0,2.993176034212141e-05
1345,2933,477100.0,2.9916146760626475e-05
1346,8395,333700.0,2.990684731148809e-05
1347,3656,1076500.0,2.9851044371225213e-05
1348,7463,579500.0,2.967767116230549e-05
1349,4344,2589400.0,2.9594619399617657e-05
1350,2767,527400.0,2.951281672344941e-05
1351,2148,277100.0,2.9368441058082083e-05
1352,6815,134000.0,2.9291078884490995e-05
1353,8061,288700.0,2.922754409867182e-05
1354,2309,311600.0,2.919115196292344e-05
1355,7609,247300.0,2.91909645999455e-05
1356,7554,371800.0,2.9095309554274952e-05
1357,7962,508100.0,2.9035734372722893e-05
1358,2804,245200.0,2.9034966184513343e-05
1359,3676,272300.0,2.8995763604095868e-05
1360,9115,638400.0,2.898610191986681e-05
1361,8137,345500.0,2.8957635238085245e-05
1362,1810,716600.0,2.895633618810487e-05
1363,2915,333900.0,2.892380372970203e-05
1364,7420,375100.0,2.8908446210943613e-05
1365,8081,489000.0,2.889099647226488e-05
1366,3103,1645800.0,2.88832396449782e-05
1367,9629,351100.0,2.885687142854956e-05
1368,3341,365300.0,2.883761051441741e-05
1369,4994,178500.0,2.8795535035004868e-05
1370,6809,656100.0,2.872437457598357e-05
1371,8338,2352600.0,2.865135922348067e-05
1372,4725,338300.0,2.8628844438964986e-05
1373,9534,303300.0,2.858407717810272e-05
1374,7184,1406800.0,2.855474238119004e-05
1375,7914,169600.0,2.854612368420484e-05
1376,8203,752500.0,2.852710634194401e-05
1377,7480,201800.0,2.843300640899036e-05
1378,9305,273000.0,2.8405351633446536e-05
1379,9070,129800.0,2.837300029258904e-05
1380,5449,321300.0,2.8253737511698155e-05
1381,3937,157400.0,2.8232652931247403e-05
1382,7102,213800.0,2.8120859687743694e-05
1383,3903,831700.0,2.8101305238279443e-05
1384,4538,209500.0,2.801323214778284e-05
1385,9046,137800.0,2.788410782881976e-05
1386,8881,981200.0,2.7821203831692973e-05
1387,6418,619900.0,2.779768353252901e-05
1388,5932,759400.0,2.7697844047017814e-05
1389,1938,389400.0,2.7505597140787035e-05
1390,7721,389300.0,2.7498533556518727e-05
1391,3040,300000.0,2.7429939970295197e-05
1392,3546,439900.0,2.741871068248404e-05
1393,2204,140000.0,2.736748564431547e-05
1394,3854,317200.0,2.7358317349261644e-05
1395,3150,267800.0,2.732908872470313e-05
1396,9324,447000.0,2.7191239536400685e-05
1397,3677,449700.0,2.718696766050367e-05
1398,8157,293900.0,2.714752775364748e-05
1399,8860,700100.0,2.7109049643411368e-05
1400,9055,404400.0,2.7100256074313424e-05
1401,3183,434600.0,2.7034079470505303e-05
1402,8165,1087900.0,2.697379230963708e-05
1403,3443,119900.0,2.669569568691456e-05
1404,5017,1535000.0,2.6651134525328024e-05
1405,6237,384600.0,2.654202681784145e-05
1406,5602,265500.0,2.651401605263953e-05
1407,3480,122500.0,2.6509519341168997e-05
1408,7520,214000.0,2.642305132685007e-05
1409,8018,771300.0,2.6397719852232688e-05
1410,4839,274100.0,2.6397082818107696e-05
1411,1376,234800.0,2.6293046401890675e-05
1412,9828,168800.0,2.6281929531866285e-05
1413,5352,103900.0,2.6280468100638355e-05
1414,3421,329200.0,2.627563413580753e-05
1415,7475,187600.0,2.6268239543611523e-05
1416,6961,150800.0,2.6248279141028404e-05
1417,2462,193900.0,2.620581019936219e-05
1418,5632,388000.0,2.61466284800638e-05
1419,9384,223600.0,2.611415223055435e-05
1420,7294,539500.0,2.6112934371197744e-05
1421,5464,167200.0,2.6053696443005977e-05
1422,6794,601700.0,2.6042086183806347e-05
1423,2372,210400.0,2.601797256854557e-05
1424,2753,143100.0,2.593579516642145e-05
1425,2980,151400.0,2.5879936017265186e-05
1426,3198,294000.0,2.577964686060694e-05
1427,3139,206900.0,2.5766069290138948e-05
1428,5659,98700.0,2.5704889032409214e-05
1429,5410,314900.0,2.568492862982609e-05
1430,2207,254200.0,2.5655437697098462e-05
1431,8622,1567000.0,2.5640873348279992e-05
1432,3153,434500.0,2.558962957381363e-05
1433,8150,267000.0,2.5563242621087198e-05
1434,7467,217000.0,2.553307718163899e-05
1435,8052,115200.0,2.5469373769139665e-05
1436,3228,241900.0,2.541115384646137e-05
1437,6266,282300.0,2.533554039399772e-05
1438,2120,1785200.0,2.5309016041754128e-05
1439,7628,314300.0,2.530228971084611e-05
1440,6378,495800.0,2.529828638855081e-05
1441,6640,284600.0,2.529311517035969e-05
1442,3853,432000.0,2.517259081208402e-05
1443,4092,180800.0,2.5135417997260884e-05
1444,9628,254200.0,2.506802977952876e-05
1445,5698,400300.0,2.502546715637357e-05
1446,6485,437000.0,2.4972674514622915e-05
1447,4668,686700.0,2.4960458448461283e-05
1448,2477,86200.0,2.4818224966475053e-05
1449,7856,386800.0,2.4809581287759462e-05
1450,7972,1127800.0,2.4793468071656692e-05
1451,8877,235100.0,2.47115092596735e-05
1452,6293,409100.0,2.4706912621281392e-05
1453,5902,315600.0,2.463823159900149e-05
1454,4636,483100.0,2.462009486273697e-05
1455,5408,918900.0,2.4562611901105234e-05
1456,8185,562500.0,2.45562602961531e-05
1457,5262,576200.0,2.454257655333094e-05
1458,1975,249800.0,2.454051556057361e-05
1459,9405,556400.0,2.4533208404433983e-05
1460,2440,924200.0,2.44734021418758e-05
1461,3245,764900.0,2.44589127382485e-05
1462,5288,916700.0,2.4446553027137115e-05
1463,6240,1130600.0,2.443135788962625e-05
1464,7130,382500.0,2.4366555280989684e-05
1465,1914,508000.0,2.4366180555033805e-05
1466,6571,269500.0,2.422044338536012e-05
1467,2153,336000.0,2.419530551915328e-05
1468,2819,134200.0,2.418025402659217e-05
1469,6763,269700.0,2.4171042013510156e-05
1470,1967,528700.0,2.41373291683463e-05
1471,9717,347400.0,2.4126655724036364e-05
1472,7823,522700.0,2.4124563504116048e-05
1473,3983,189300.0,2.4094466764426413e-05
1474,6184,665100.0,2.405071750907762e-05
1475,4813,677700.0,2.404076853494905e-05
1476,6262,613200.0,2.3973917424420357e-05
1477,9795,213800.0,2.396815913556502e-05
1478,7979,238000.0,2.3946112758494176e-05
1479,4746,71100.0,2.3934308890884006e-05
1480,4845,504100.0,2.39272515520483e-05
1481,7723,249000.0,2.3917633585847424e-05
1482,2453,373500.0,2.3839877950002666e-05
1483,4462,294400.0,2.3700267549707585e-05
1484,9260,136300.0,2.367333099891253e-05
1485,8089,200000.0,2.364520781592386e-05
1486,3193,213500.0,2.364117951189817e-05
1487,6073,258100.0,2.363113061084803e-05
1488,7280,1068100.0,2.354773534936731e-05
1489,8158,561600.0,2.3464739795572845e-05
1490,8842,94900.0,2.344095094280717e-05
1491,8337,1379300.0,2.343096449608301e-05
1492,6556,382800.0,2.3429365665337933e-05
1493,2003,89100.0,2.34273046725806e-05
1494,6638,547800.0,2.340133616383823e-05
1495,8093,172800.0,2.338649701598545e-05
1496,8070,526800.0,2.335966663754456e-05
1497,6387,157900.0,2.335212215496621e-05
1498,1921,800300.0,2.329170384001342e-05
1499,6331,190500.0,2.3224015841516595e-05
1500,2378,406200.0,2.3212586699862305e-05
1501,4973,160000.0,2.320303118798741e-05
1502,7818,353400.0,2.319699810009777e-05
1503,5821,334900.0,2.319579273160636e-05
1504,2925,293200.0,2.3182496205605277e-05
1505,8364,237800.0,2.313885312261065e-05
1506,5957,734400.0,2.307082787075353e-05
1507,2930,2144100.0,2.303223109729806e-05
1508,6298,241000.0,2.3028783618503972e-05
1509,9535,1134600.0,2.295885975513708e-05
1510,9622,404300.0,2.2902007582197733e-05
1511,3678,211100.0,2.290079596827373e-05
1512,9600,298300.0,2.2877794040015395e-05
1513,3694,419000.0,2.279264381197464e-05
1514,2359,253600.0,2.272812849323758e-05
1515,7596,166700.0,2.271709905926956e-05
1516,5933,426400.0,2.2715837481884774e-05
1517,3778,643300.0,2.269993036505773e-05
1518,4275,563500.0,2.269949318477588e-05
1519,1780,387600.0,2.260961516425845e-05
1520,4229,131100.0,2.259003573306381e-05
1521,4792,302400.0,2.255010868246497e-05
1522,4331,272900.0,2.2531884510144088e-05
1523,4826,465300.0,2.249243835785529e-05
1524,4312,426600.0,2.2460062035267404e-05
1525,5269,1171000.0,2.2452142826733172e-05
1526,6430,280900.0,2.242049097432665e-05
1527,8095,824300.0,2.2394278893712963e-05
1528,4390,165000.0,2.23205515618939e-05
1529,9274,1206200.0,2.229839276703629e-05
1530,7605,318700.0,2.229269693250694e-05
1531,1871,631500.0,2.224410746689471e-05
1532,6445,519200.0,2.2179579657292464e-05
1533,4662,392100.0,2.2137460459851737e-05
1534,1939,200800.0,2.2009154292558987e-05
1535,4767,1116400.0,2.1963062999985948e-05
1536,3771,174700.0,2.1919738434053814e-05
1537,9278,351300.0,2.189632430724401e-05
1538,7482,368700.0,2.1576214659434933e-05
1539,6071,478800.0,2.156015765222555e-05
1540,7537,515200.0,2.155823405898537e-05
1541,3154,343600.0,2.154514363226002e-05
1542,2676,225500.0,2.1505428926369515e-05
1543,7949,186400.0,2.1478542339035247e-05
1544,8101,287900.0,2.1468836936778e-05
1545,4718,325100.0,2.142061595168905e-05
1546,5989,575400.0,2.1346114186227838e-05
1547,4554,360600.0,2.1327415361029508e-05
1548,4228,773800.0,2.1312276432412024e-05
1549,8530,206900.0,2.1282204674452785e-05
1550,7236,148800.0,2.122567726400853e-05
1551,3939,670500.0,2.1189066538119225e-05
1552,8614,1936400.0,2.116389744474939e-05
1553,9837,438900.0,2.1051804420480977e-05
1554,3837,214100.0,2.101995271423132e-05
1555,9856,314400.0,2.1010134894187306e-05
1556,4619,418700.0,2.09981499090318e-05
1557,5121,490000.0,2.0993397134824734e-05
1558,4410,429500.0,2.0949647879475944e-05
1559,6047,322300.0,2.093419043379596e-05
1560,6879,481800.0,2.091289350863688e-05
1561,9979,322200.0,2.0887449616232736e-05
1562,3665,648100.0,2.0845474063741765e-05
1563,5445,261000.0,2.0815839486064383e-05
1564,3925,180600.0,2.067486758146295e-05
1565,7192,335200.0,2.0662539097514557e-05
1566,6358,105100.0,2.064362168217529e-05
1567,4620,745900.0,2.063701401448664e-05
1568,2009,511200.0,2.0624616830779665e-05
1569,8918,32851100.0,2.0516933081925417e-05
1570,6317,262800.0,2.051624608433964e-05
1571,3548,418100.0,2.041970418724018e-05
1572,3696,224500.0,2.04005494454622e-05
1573,9273,376400.0,2.0381269795032262e-05
1574,8864,603900.0,2.036673042794418e-05
1575,9991,415300.0,2.0334828758233737e-05
1576,4310,165500.0,2.0269270452252822e-05
1577,9450,273800.0,2.0126693471473703e-05
1578,7769,191200.0,2.0121035109539942e-05
1579,1726,1102100.0,2.009862649737842e-05
1580,7088,389100.0,2.009690900341398e-05
1581,7971,1481400.0,2.00768049558811e-05
1582,4238,192300.0,2.0056644699454848e-05
1583,9319,335100.0,2.0049449961101985e-05
1584,3319,312500.0,2.0004901290380643e-05
1585,2749,1502100.0,1.998209297053285e-05
1586,7445,450400.0,1.9943764750679096e-05
1587,6470,498800.0,1.993741939115955e-05
1588,3834,547100.0,1.9920388096464883e-05
1589,7931,218900.0,1.9919014101293328e-05
1590,5013,308100.0,1.9915654058555612e-05
1591,4100,127500.0,1.9907316406037324e-05
1592,7510,218300.0,1.98916840882446e-05
1593,7590,460900.0,1.989057240124216e-05
1594,4709,377600.0,1.985667843853296e-05
1595,7466,238300.0,1.985374308521192e-05
1596,3916,265100.0,1.983485689703565e-05
1597,3649,505500.0,1.9763234276002095e-05
1598,5981,370900.0,1.9643334460986225e-05
1599,2374,379700.0,1.9563973748963785e-05
1600,2307,326600.0,1.956128196751406e-05
1601,3984,182500.0,1.9467637951140064e-05
1602,2540,180300.0,1.945816987532153e-05
1603,6850,193500.0,1.9444623532016532e-05
1604,3835,716800.0,1.9339456692499277e-05
1605,6798,142500.0,1.925904050236778e-05
1606,9994,123700.0,1.919811630737456e-05
1607,9702,280600.0,1.9189528837552344e-05
1608,9369,289000.0,1.918640612125336e-05
1609,6070,215200.0,1.8990961553532407e-05
1610,7868,379100.0,1.8988500853088805e-05
1611,6569,456600.0,1.89635690861577e-05
1612,9769,187500.0,1.8865109841250665e-05
1613,9765,387900.0,1.8847853710982465e-05
1614,3458,187200.0,1.884661711532807e-05
1615,4931,207600.0,1.883889776063697e-05
1616,4745,515700.0,1.8809294410122585e-05
1617,3053,823600.0,1.8774644750069032e-05
1618,7187,203400.0,1.873723460880718e-05
1619,6572,823600.0,1.8723207367192133e-05
1620,7955,569100.0,1.8659947380407263e-05
1621,3447,375100.0,1.864758766929588e-05
1622,6482,473900.0,1.8616579096446946e-05
1623,4022,211300.0,1.8594008103037872e-05
1624,1811,79200.0,1.8548934815978308e-05
1625,9014,141400.0,1.853635651472599e-05
1626,8928,131500.0,1.852795016244912e-05
1627,4979,252400.0,1.8474789040175177e-05
1628,6294,191000.0,1.8453816877511188e-05
1629,7702,501300.0,1.8440620278431672e-05
1630,9632,35400.0,1.8438765384950072e-05
1631,8029,190600.0,1.834374737340452e-05
1632,4809,163000.0,1.8293559077047213e-05
1633,4064,214200.0,1.827396090955477e-05
1634,3915,218600.0,1.821245588932994e-05
1635,1930,379600.0,1.818377686284005e-05
1636,3662,401100.0,1.816156185908906e-05
1637,8142,258000.0,1.814348133171793e-05
1638,6291,278100.0,1.809802707326989e-05
1639,7247,754800.0,1.8054821170557117e-05
1640,8285,938900.0,1.8001978565345667e-05
1641,3276,289200.0,1.798954390904311e-05
1642,4465,120400.0,1.795656802492581e-05
1643,7937,152600.0,1.7926927201815832e-05
1644,9990,567300.0,1.7856890920662168e-05
1645,6533,111700.0,1.7851963274342374e-05
1646,8551,183800.0,1.780409203347891e-05
1647,4350,562800.0,1.7785543098662935e-05
1648,5261,63400.0,1.777862315934438e-05
1649,9306,921500.0,1.7725911708217494e-05
1650,4323,114000.0,1.7714045386281342e-05
1651,9995,686200.0,1.7699593455249638e-05
1652,8349,283100.0,1.7680819684860128e-05
1653,3763,198800.0,1.7630606406772435e-05
1654,7408,357300.0,1.762879523131902e-05
1655,3023,288400.0,1.7615567405076513e-05
1656,6461,222700.0,1.7608260248936884e-05
1657,9675,223100.0,1.7486617958226177e-05
1658,7358,135300.0,1.744939517994226e-05
1659,1929,396200.0,1.7444804786982747e-05
1660,1964,187700.0,1.732611658589088e-05
1661,1435,1385000.0,1.7299848296383806e-05
1662,7244,731800.0,1.7276140634241904e-05
1663,5015,218200.0,1.723883041990162e-05
1664,3475,260400.0,1.7222629767742474e-05
1665,3919,109400.0,1.7204243214174044e-05
1666,3922,127800.0,1.717653847516944e-05
1667,9768,152000.0,1.7134968875797333e-05
1668,4651,1022300.0,1.7111011396351513e-05
1669,3109,314100.0,1.710594010508196e-05
1670,6535,207500.0,1.7093280613205866e-05
1671,3843,311400.0,1.707558730265581e-05
1672,3547,160700.0,1.7071933724586002e-05
1673,2335,303000.0,1.7031294694670993e-05
1674,9633,223300.0,1.7028128260343817e-05
1675,6848,302200.0,1.7024074974587734e-05
1676,2428,565200.0,1.7014207191082938e-05
1677,4828,68400.0,1.6980706690627414e-05
1678,2325,128900.0,1.689771113683296e-05
1679,5909,320600.0,1.6859245517462042e-05
1680,3180,96900.0,1.681801941688283e-05
1681,1716,197600.0,1.6808407696114552e-05
1682,3457,297300.0,1.678517468685009e-05
1683,3159,703300.0,1.677901669030849e-05
1684,8798,289300.0,1.674906984100121e-05
1685,6989,228500.0,1.6725393406022297e-05
1686,2183,329000.0,1.670509575007889e-05
1687,5218,241800.0,1.6702210360218625e-05
1688,6205,220400.0,1.669686426991476e-05
1689,7989,256400.0,1.6685847326811936e-05
1690,1514,1454500.0,1.6623686536164317e-05
1691,6904,289400.0,1.6519893691818613e-05
1692,6082,226800.0,1.6515971560147086e-05
1693,7487,132200.0,1.6496410865250235e-05
1694,4404,228500.0,1.6425706322808587e-05
1695,1814,201700.0,1.64013428902439e-05
1696,9788,277100.0,1.6371564667616762e-05
1697,7811,170800.0,1.6320814282325642e-05
1698,7987,528900.0,1.6284821854263527e-05
1699,8537,197500.0,1.62571733241523e-05
1700,5985,517600.0,1.6227832281807023e-05
1701,6788,115100.0,1.6174109070599264e-05
1702,3918,257400.0,1.6156122224717105e-05
1703,7898,187000.0,1.6128642321286026e-05
1704,9438,542700.0,1.609963228686844e-05
1705,6928,169600.0,1.6047264334534442e-05
1706,7161,419500.0,1.5981749746581715e-05
1707,8904,301700.0,1.5921887275130147e-05
1708,6087,90700.0,1.590621748474183e-05
1709,2169,144700.0,1.588729382396998e-05
1710,4406,944600.0,1.586948185020056e-05
1711,1847,138400.0,1.5826575728252487e-05
1712,3221,117700.0,1.5767625089960228e-05
1713,9386,184400.0,1.5731645152763307e-05
1714,5185,267600.0,1.5726723751876103e-05
1715,2812,281100.0,1.571254037444611e-05
1716,8917,224800.0,1.5654301715470017e-05
1717,3864,821800.0,1.5654114352492075e-05
1718,1866,116900.0,1.5623948913043867e-05
1719,9351,171600.0,1.5614905526642005e-05
1720,2445,708000.0,1.5608834966156776e-05
1721,7775,483900.0,1.5564148895918282e-05
1722,6489,393500.0,1.5556467013822777e-05
1723,8521,193500.0,1.5529112019043655e-05
1724,6932,280700.0,1.539215592760272e-05
1725,2764,1277900.0,1.5323593568542176e-05
1726,3660,1549500.0,1.529013054068224e-05
1727,6203,309900.0,1.5270775945061122e-05
1728,1909,145600.0,1.5240454369797966e-05
1729,9658,175300.0,1.5152368788436163e-05
1730,1867,165400.0,1.5092050400404945e-05
1731,3529,449700.0,1.5025855060299034e-05
1732,6373,262900.0,1.5023606704563763e-05
1733,7266,401400.0,1.4991361536060432e-05
1734,7888,699600.0,1.498671493420754e-05
1735,3134,216300.0,1.4981337616740686e-05
1736,4955,203700.0,1.4935564841230144e-05
1737,3553,356900.0,1.4889685893365436e-05
1738,6362,81500.0,1.4878150579356984e-05
1739,6236,139500.0,1.4837180541514283e-05
1740,6730,248500.0,1.4837024405699337e-05
1741,5018,202600.0,1.4829604831772944e-05
1742,6210,393300.0,1.4811661703918968e-05
1743,4977,372400.0,1.4768824281729474e-05
1744,8011,279800.0,1.4766138745712348e-05
1745,6165,509100.0,1.4721315275956695e-05
1746,3361,283100.0,1.4604357059694468e-05
1747,7494,690400.0,1.457404172986391e-05
1748,4420,366900.0,1.4573617040447248e-05
1749,5852,644000.0,1.4559852107001316e-05
1750,8041,87200.0,1.4519081923001753e-05
1751,7291,467100.0,1.4411173338573983e-05
1752,3482,152800.0,1.439087568263057e-05
1753,5807,86300.0,1.437461882157805e-05
1754,9986,116100.0,1.4349624600320964e-05
1755,7570,116300.0,1.4294446203317878e-05
1756,8383,191900.0,1.4274117320211476e-05
1757,6785,301000.0,1.426825285900198e-05
1758,4396,216700.0,1.4210545061796715e-05
1759,6826,475100.0,1.4183240030478378e-05
1760,6199,185400.0,1.4137998116738664e-05
1761,7277,652300.0,1.4095679065454804e-05
1762,8945,192000.0,1.4017748557497304e-05
1763,3648,282600.0,1.4013776462364992e-05
1764,6390,290000.0,1.400038625487494e-05
1765,4550,224900.0,1.3919564111624578e-05
1766,9216,156200.0,1.3901396148197075e-05
1767,3683,200600.0,1.38939266108099e-05
1768,7305,141700.0,1.3867602112409447e-05
1769,7212,414800.0,1.38597391127686e-05
1770,2612,62500.0,1.3837536599882809e-05
1771,9279,94600.0,1.3836955774651195e-05
1772,3434,226100.0,1.3796141872623446e-05
1773,2301,236500.0,1.352973045429173e-05
1774,7030,177100.0,1.3527188563224355e-05
1775,7525,131300.0,1.352221719887637e-05
1776,3079,204800.0,1.3494131488483287e-05
1777,2674,265100.0,1.3493663081038442e-05
1778,8275,245900.0,1.348390146988781e-05
1779,8999,409900.0,1.3465614843240949e-05
1780,7618,699800.0,1.3461305494748346e-05
1781,7417,119400.0,1.34525119256504e-05
1782,3877,228300.0,1.3360048296037418e-05
1783,6678,137300.0,1.3359817215031293e-05
1784,6208,157700.0,1.3345458965488556e-05
1785,8091,81600.0,1.3321657621857682e-05
1786,6675,142400.0,1.3313563541210708e-05
1787,2904,256100.0,1.329147344611168e-05
1788,9368,150700.0,1.328014423137896e-05
1789,6121,175000.0,1.3279351061439014e-05
1790,4433,136000.0,1.3267297376524926e-05
1791,3178,183700.0,1.3262625792941646e-05
1792,6853,586400.0,1.3184358031623854e-05
1793,6560,74700.0,1.3179580275686404e-05
1794,3501,111900.0,1.3152618743160956e-05
1795,8542,205300.0,1.3116776205481191e-05
1796,6704,249000.0,1.3109600203426123e-05
1797,7822,755500.0,1.3070035387917969e-05
1798,4299,159200.0,1.3054802777811512e-05
1799,6653,183600.0,1.301460717361096e-05
1800,6335,248800.0,1.300583858624341e-05
1801,8365,103400.0,1.297367460836385e-05
1802,5915,107100.0,1.296969626779894e-05
1803,9414,202900.0,1.2950766361594488e-05
1804,3675,227600.0,1.293529017961671e-05
1805,1429,330200.0,1.2889011524065735e-05
1806,5363,720000.0,1.286059480574496e-05
1807,4434,102100.0,1.2848822165297782e-05
1808,3784,168300.0,1.283400799917539e-05
1809,9993,135400.0,1.2828230974022269e-05
1810,2735,290500.0,1.2808945078159728e-05
1811,3981,141400.0,1.2769686288848873e-05
1812,3666,465100.0,1.275185557878166e-05
1813,3452,412300.0,1.2746209707713091e-05
1814,6513,148500.0,1.2743118218577095e-05
1815,6083,163700.0,1.272859758778681e-05
1816,5942,407200.0,1.2715700769471996e-05
1817,7256,750700.0,1.2705689341017448e-05
1818,3611,185200.0,1.2688495665075229e-05
1819,9514,370000.0,1.266323913564903e-05
1820,3166,161600.0,1.2595588609747793e-05
1821,7455,745500.0,1.2524559304811049e-05
1822,4284,509500.0,1.2505448281061251e-05
1823,4963,345600.0,1.2497260518925311e-05
1824,6167,304000.0,1.2454891504180668e-05
1825,5658,754000.0,1.2431908312220126e-05
1826,6505,215800.0,1.2412909706257095e-05
1827,7908,936500.0,1.2399556971362627e-05
1828,3741,87500.0,1.2366737223060285e-05
1829,6620,228100.0,1.2308398637162623e-05
1830,7092,106600.0,1.2283329470714363e-05
1831,8007,85500.0,1.2270963514170377e-05
1832,8291,886200.0,1.2231692233994324e-05
1833,1972,75200.0,1.2225159511496846e-05
1834,5992,291200.0,1.2221462215398845e-05
1835,3388,191700.0,1.2199971681829224e-05
1836,7271,278600.0,1.219724242778391e-05
1837,8289,295900.0,1.2196955137884405e-05
1838,3921,169900.0,1.2181416501580648e-05
1839,5388,192200.0,1.2171773553649376e-05
1840,1433,167700.0,1.2076049808220253e-05
1841,6539,237300.0,1.2048994594205836e-05
1842,6355,90900.0,1.202409405443772e-05
1843,3571,218400.0,1.1989581793901324e-05
1844,4512,684000.0,1.196125251163692e-05
1845,9982,174500.0,1.1944514752274356e-05
1846,3299,370300.0,1.1887194171890163e-05
1847,7514,202900.0,1.1810287914878728e-05
1848,1717,267000.0,1.1656038220574004e-05
1849,6292,187200.0,1.1597918224817271e-05
1850,5951,289700.0,1.1597624689485168e-05
1851,3160,255500.0,1.1552926128381476e-05
1852,8772,313300.0,1.1544494794374216e-05
1853,8563,281600.0,1.1537162656504197e-05
1854,1826,412800.0,1.1498391010935983e-05
1855,4392,651500.0,1.1474296131973004e-05
1856,5491,152700.0,1.1444130692524796e-05
1857,6175,284100.0,1.1426668462980868e-05
1858,3415,552800.0,1.1393167962525342e-05
1859,8207,584300.0,1.1385523553025424e-05
1860,5187,183600.0,1.1214348736380192e-05
1861,3544,270300.0,1.119237105906793e-05
1862,5204,101600.0,1.1098033799675557e-05
1863,3996,194100.0,1.109198197548812e-05
1864,5210,225900.0,1.1089227739712414e-05
1865,6316,114700.0,1.1081951810735775e-05
1866,3561,308300.0,1.107143450224079e-05
1867,9262,123000.0,1.1069592099624388e-05
1868,2982,1194000.0,1.1036428852529154e-05
1869,4031,135100.0,1.1027916327898116e-05
1870,4248,214200.0,1.0835950466134236e-05
1871,7727,547100.0,1.0763159949204868e-05
1872,4847,300200.0,1.072430711301288e-05
1873,3969,85200.0,1.0690107124106383e-05
1874,8869,283800.0,1.0652447165540608e-05
1875,4245,233700.0,1.062557931450413e-05
1876,2597,184400.0,1.06182846492297e-05
1877,7196,212900.0,1.05973312228635e-05
1878,2884,316300.0,1.0588306572759432e-05
1879,3093,176300.0,1.0581280461086712e-05
1880,6938,292400.0,1.057349240663704e-05
1881,6393,100000.0,1.0492326764593793e-05
1882,2198,284600.0,1.0451406690211876e-05
1883,1712,159800.0,1.0419330148388687e-05
1884,7999,76800.0,1.0413184642712282e-05
1885,2689,98000.0,1.0380408612438124e-05
1886,8596,283600.0,1.0379259452840096e-05
1887,7885,209100.0,1.0355945252951865e-05
1888,8732,642200.0,1.0307799213054094e-05
1889,9074,63100.0,1.017138022881658e-05
1890,6444,848800.0,1.012514529129379e-05
1891,6699,170400.0,1.0014326335275366e-05
1892,1430,203100.0,1.0008049675514404e-05
1893,2180,202000.0,1.0004308661388218e-05
1894,3073,315300.0,1.0003459282554892e-05
1895,4382,171300.0,1.0003028347705636e-05
1896,7347,268100.0,9.979426857917896e-06
1897,3467,98200.0,9.941617008969772e-06
1898,8416,209200.0,9.92973819616843e-06
1899,6319,731400.0,9.91236340268087e-06
1900,7940,232400.0,9.869782043227892e-06
1901,3551,215400.0,9.712821831175647e-06
1902,2112,731400.0,9.683967932573014e-06
1903,9644,224500.0,9.464172423152568e-06
1904,9232,109600.0,9.452936889908816e-06
1905,4463,201900.0,9.444536783064542e-06
1906,3396,133600.0,9.428604684507114e-06
1907,4333,158100.0,9.40994957733697e-06
1908,2485,340500.0,9.399438514274584e-06
1909,9078,168700.0,9.387615910366625e-06
1910,8118,282400.0,9.38293808135074e-06
1911,5819,90100.0,9.380433662878951e-06
1912,3640,66500.0,9.365494588104602e-06
1913,8769,295500.0,9.338358183466412e-06
1914,7038,152000.0,9.303196397939828e-06
1915,5923,53900.0,9.253926180174422e-06
1916,3565,205700.0,9.236888640047152e-06
1917,2410,138500.0,9.229469066120765e-06
1918,1827,458800.0,9.169294323039297e-06
1919,7527,1450500.0,9.149589983192697e-06
1920,6927,519900.0,9.124071145597378e-06
1921,3512,339300.0,9.048451447701129e-06
1922,7743,285400.0,9.037003569749045e-06
1923,3277,177100.0,9.025499482903576e-06
1924,8908,205200.0,9.009386266800808e-06
1925,8562,673900.0,9.00682563943564e-06
1926,2818,80200.0,8.985853476771649e-06
1927,5986,471400.0,8.95005465712007e-06
1928,7213,242400.0,8.90169002708137e-06
1929,8127,499200.0,8.885501865787428e-06
1930,4320,308200.0,8.873523126064517e-06
1931,3157,130800.0,8.871562060228751e-06
1932,4093,128600.0,8.850852205733875e-06
1933,9312,99300.0,8.80023297452731e-06
1934,3484,167900.0,8.745391830884513e-06
1935,5998,78900.0,8.721933986046526e-06
1936,8835,221800.0,8.685435677943977e-06
1937,7481,152400.0,8.680451822730793e-06
1938,4929,137500.0,8.664757050612088e-06
1939,3672,452000.0,8.638182734907715e-06
1940,3878,177600.0,8.596213427849342e-06
1941,4286,123600.0,8.560764352423248e-06
1942,4539,70200.0,8.549372683364547e-06
1943,5958,73600.0,8.489991110223024e-06
1944,5367,269000.0,8.484107912715736e-06
1945,4926,79300.0,8.483851849979217e-06
1946,9872,152200.0,8.478949185389808e-06
1947,6748,268300.0,8.462030308481901e-06
1948,6547,220300.0,8.434075752173376e-06
1949,3446,78000.0,8.281443624911526e-06
1950,7191,254900.0,8.278195999960581e-06
1951,5009,149500.0,8.263175734562458e-06
1952,8038,30600.0,8.2559622599118e-06
1953,3321,150900.0,8.255737424338273e-06
1954,3633,62300.0,8.248717558098151e-06
1955,7135,187000.0,8.233666065537037e-06
1956,7416,281900.0,8.221943388550643e-06
1957,3912,135700.0,8.212325422349766e-06
1958,4231,305700.0,8.171499029456818e-06
1959,2883,68500.0,8.128430526261201e-06
1960,7838,962400.0,8.114315848589783e-06
1961,8025,100500.0,7.971357896422192e-06
1962,6654,114000.0,7.959928754767903e-06
1963,3924,136500.0,7.91973939599995e-06
1964,3294,92900.0,7.908135382232917e-06
1965,3392,233100.0,7.788585311442526e-06
1966,2729,48500.0,7.739183939592565e-06
1967,7506,73700.0,7.709830406382094e-06
1968,6926,435500.0,7.69727708686017e-06
1969,3667,403500.0,7.66089744197698e-06
1970,6093,723700.0,7.638495075248052e-06
1971,9130,101700.0,7.621925942565631e-06
1972,3267,106100.0,7.607111776443241e-06
1973,3275,103600.0,7.6025651015119164e-06
1974,9366,156000.0,7.599442385212931e-06
1975,6858,247300.0,7.583472814059915e-06
1976,3928,214800.0,7.552751531110487e-06
1977,1848,247400.0,7.524734520475983e-06
1978,7561,251300.0,7.517795844859636e-06
1979,9275,134600.0,7.49005987869204e-06
1980,4653,114900.0,7.463042137273211e-06
1981,2418,372100.0,7.459800757754863e-06
1982,3686,402400.0,7.4138281284011874e-06
1983,7060,100400.0,7.411629736126702e-06
1984,6044,101600.0,7.398689199783703e-06
1985,9322,105900.0,7.374513130196951e-06
1986,6325,203900.0,7.335035750745167e-06
1987,4098,69000.0,7.334511134406937e-06
1988,2163,141300.0,7.315756100315227e-06
1989,8104,230000.0,7.311527942446399e-06
1990,4728,157300.0,7.299280649121774e-06
1991,4295,157700.0,7.239049697146927e-06
1992,6715,106300.0,7.209839808886211e-06
1993,7059,114000.0,7.18387130014384e-06
1994,4531,417500.0,7.170537301547169e-06
1995,6546,81600.0,7.16535983792345e-06
1996,3454,137200.0,7.14632375936483e-06
1997,7918,783400.0,7.143300969987411e-06
1998,3172,80700.0,7.131690710787781e-06
1999,6538,199200.0,7.091313989041889e-06
2000,3205,811600.0,7.045622404155121e-06
2001,3464,69400.0,7.04328661236348e-06
2002,7619,184600.0,7.032731831272906e-06
2003,8518,475700.0,7.011447396979017e-06
2004,3246,177300.0,6.953939453616885e-06
2005,2686,363800.0,6.952590440175724e-06
2006,6771,179900.0,6.943559544639055e-06
2007,2196,261900.0,6.935278101014143e-06
2008,6803,971100.0,6.9140311393158406e-06
2009,3852,91400.0,6.907073727401699e-06
2010,9265,53400.0,6.870225675073663e-06
2011,7442,316800.0,6.86557907322077e-06
2012,3627,276800.0,6.863080900181581e-06
2013,7122,91900.0,6.841546648583773e-06
2014,6901,73900.0,6.775370044775656e-06
2015,9479,497000.0,6.766676402599278e-06
2016,9428,109400.0,6.7368482165113614e-06
2017,3526,115100.0,6.642167458326099e-06
2018,3513,75500.0,6.606137557668395e-06
2019,2924,107000.0,6.58237368663311e-06
2020,2722,189400.0,6.470380589286268e-06
2021,3538,113000.0,6.457465034673659e-06
2022,3030,195000.0,6.454654590004572e-06
2023,2796,140900.0,6.415064792766025e-06
2024,4346,196200.0,6.371840153755458e-06
2025,2107,103700.0,6.36641287282782e-06
2026,3992,148100.0,6.317398717798932e-06
2027,6615,250800.0,6.296745072197436e-06
2028,4829,610000.0,6.286027909859315e-06
2029,7150,191900.0,6.280132221486829e-06
2030,7833,155700.0,6.252621090892761e-06
2031,6428,213700.0,6.206117599768257e-06
2032,3489,75700.0,6.188680351954718e-06
2033,9475,241700.0,6.158845920434203e-06
2034,5337,399000.0,6.155061188279832e-06
2035,9380,329700.0,6.136175000103562e-06
2036,7646,148600.0,6.125270474787503e-06
2037,2599,87200.0,6.066863189131265e-06
2038,3934,45200.0,6.0608425921068185e-06
2039,3770,224800.0,6.02304523402389e-06
2040,9385,164000.0,6.022595562876836e-06
2041,9972,392300.0,6.002703860052293e-06
2042,4441,121000.0,6.0002369141760935e-06
2043,3486,105400.0,5.963913478186286e-06
2044,3168,163400.0,5.878101234290144e-06
2045,2352,83600.0,5.816396360222175e-06
2046,2286,186200.0,5.814497748712393e-06
2047,4762,94200.0,5.794949544680739e-06
2048,3521,1038800.0,5.774102290668706e-06
2049,7673,70900.0,5.7652712489751725e-06
2050,6059,287500.0,5.745797990134694e-06
2051,7022,734600.0,5.734868483088243e-06
2052,7524,194900.0,5.733175970854192e-06
2053,4430,93500.0,5.722689889522197e-06
2054,3826,189400.0,5.713334231490434e-06
2055,6218,132800.0,5.648169387763189e-06
2056,6552,174000.0,5.640000361925041e-06
2057,7284,86500.0,5.629195763530549e-06
2058,9325,123400.0,5.6105968652537855e-06
2059,3524,64300.0,5.61009098521335e-06
2060,2464,216800.0,5.592060421303003e-06
2061,5391,103400.0,5.585977369952578e-06
2062,7872,141500.0,5.5851654637148425e-06
2063,3968,155400.0,5.580606297918322e-06
2064,9763,52100.0,5.573879967010306e-06
2065,6096,110100.0,5.56973924519785e-06
2066,6171,270200.0,5.5688024303081545e-06
2067,2820,52900.0,5.563656193847425e-06
2068,3202,974600.0,5.538986735085434e-06
2069,3067,147000.0,5.462567621816642e-06
2070,6540,116900.0,5.431877566030205e-06
2071,9854,440500.0,5.419692727031561e-06
2072,3965,115800.0,5.416926000390658e-06
2073,8940,135800.0,5.402586487145714e-06
2074,1768,85500.0,5.339844871266482e-06
2075,3204,220800.0,5.336697173237104e-06
2076,8230,318800.0,5.335997684786132e-06
2077,5721,2945000.0,5.333911710298409e-06
2078,2311,123900.0,5.316068509366002e-06
2079,8260,283500.0,5.223211417499346e-06
2080,3963,306600.0,5.1892425095989744e-06
2081,9417,136500.0,5.183209421709332e-06
2082,6037,105000.0,5.088778480827988e-06
2083,9930,377100.0,5.040026633968215e-06
2084,6973,60700.0,5.034418235495235e-06
2085,2487,62200.0,5.015094867037109e-06
2086,7897,431200.0,4.982106492054617e-06
2087,7044,94700.0,4.97994557237572e-06
2088,3577,68700.0,4.977110145976239e-06
2089,7214,110200.0,4.976023440704193e-06
2090,5936,133500.0,4.969240900902794e-06
2091,3004,84200.0,4.901065758663328e-06
2092,9731,64800.0,4.90096583174176e-06
2093,3839,124600.0,4.894757871739375e-06
2094,3393,136200.0,4.840072863911528e-06
2095,8107,3361800.0,4.829055920808703e-06
2096,6185,127200.0,4.790346729566471e-06
2097,3173,104400.0,4.733688165037664e-06
2098,9419,245800.0,4.712840911025631e-06
2099,9067,311900.0,4.694560529811366e-06
2100,5476,223200.0,4.683774667714668e-06
2101,3169,121600.0,4.678178760106884e-06
2102,1384,112500.0,4.665338150685453e-06
2103,9704,3211200.0,4.612726626480133e-06
2104,6916,56400.0,4.579151180833432e-06
2105,7427,126200.0,4.555643372534664e-06
2106,3940,308600.0,4.548523579372975e-06
2107,6189,101000.0,4.510139150625836e-06
2108,4615,471200.0,4.502557195451899e-06
2109,5603,80900.0,4.486668814922656e-06
2110,7615,353300.0,4.413022673727364e-06
2111,4319,316400.0,4.386841820276664e-06
2112,3054,149400.0,4.385417861644325e-06
2113,4446,107400.0,4.380059280475265e-06
2114,1420,95900.0,4.366250629001149e-06
2115,4440,55400.0,4.356101801029443e-06
2116,7819,169900.0,4.350505893421659e-06
2117,1446,136000.0,4.3488196266202064e-06
2118,3682,131500.0,4.344541505290596e-06
2119,7961,39400.0,4.338214882068849e-06
2120,7034,127600.0,4.319291221296992e-06
2121,7183,239100.0,4.300654850424643e-06
2122,7916,51100.0,4.2509661886751736e-06
2123,7215,106900.0,4.226140594098233e-06
2124,8077,319300.0,4.16780825363317e-06
2125,7127,126500.0,4.147747924128483e-06
2126,6138,66300.0,4.057907376206648e-06
2127,6217,112100.0,3.9766418072418295e-06
2128,5612,62600.0,3.9643757776194126e-06
2129,9760,190300.0,3.94583933366863e-06
2130,8013,202900.0,3.915642667057432e-06
2131,2215,118500.0,3.87803891738504e-06
2132,6032,167600.0,3.872917662654703e-06
2133,7608,145200.0,3.8449880880765705e-06
2134,3082,160400.0,3.8067160771161935e-06
2135,7640,216900.0,3.792976125400655e-06
2136,7035,143500.0,3.773084422576113e-06
2137,6555,84800.0,3.76025005858728e-06
2138,3909,130200.0,3.732382938335125e-06
2139,4679,106600.0,3.675012394490151e-06
2140,3639,160900.0,3.6577999822501374e-06
2141,8617,126200.0,3.657125475529557e-06
2142,2376,98300.0,3.634442064333721e-06
2143,8944,237500.0,3.559896580844322e-06
2144,6356,217000.0,3.5507782492512818e-06
2145,4678,127500.0,3.3842437890263453e-06
2146,6054,321000.0,3.307893375516131e-06
2147,3175,117800.0,3.303346700584807e-06
2148,2424,75900.0,3.1712495557050915e-06
2149,3985,122600.0,3.1240153489666254e-06
2150,3271,322700.0,3.123871704016872e-06
2151,8742,214700.0,3.07064812741695e-06
2152,3896,148200.0,3.0451355352542324e-06
2153,3135,60400.0,3.0215652726294846e-06
2154,3920,94300.0,2.985947570523247e-06
2155,3559,84200.0,2.950105032843483e-06
2156,8166,449500.0,2.919614830900182e-06
2157,7037,71200.0,2.77921750609776e-06
2158,8181,44000.0,2.572118961148992e-06
2159,3280,70300.0,2.4762640616353097e-06
2160,6551,141400.0,2.4373675074151373e-06
2161,4439,51200.0,2.433420394013219e-06
2162,9466,128400.0,2.3335684176368346e-06
2163,2139,93700.0,2.2061928198011856e-06
2164,7709,131400.0,2.109070097470116e-06
2165,6029,129900.0,2.076881137860165e-06
2166,2687,86600.0,2.0606555039706325e-06
2167,3607,141200.0,2.045903792174221e-06
2168,7782,65200.0,1.8324099242451297e-06
2169,6048,153700.0,1.8238536815859075e-06
2170,6186,73400.0,1.6273723720536928e-06
2171,7601,149300.0,1.296095890759438e-06
